2026-09-13 00:29:43.009 +07:00 [INF] Executed DbCommand (15ms) [Parameters=[], CommandType='"Text"', CommandTimeout='30']
PRAGMA journal_mode = 'wal';
2026-09-13 00:29:43.078 +07:00 [INF] Acquiring an exclusive lock for migration application. See https://aka.ms/efcore-docs-migrations-lock for more information if this takes too long.
2026-09-13 00:29:43.090 +07:00 [INF] Executed DbCommand (7ms) [Parameters=[], CommandType='"Text"', CommandTimeout='30']
SELECT COUNT(*) FROM "sqlite_master" WHERE "name" = '__EFMigrationsLock' AND "type" = 'table';
2026-09-13 00:29:43.095 +07:00 [INF] Executed DbCommand (3ms) [Parameters=[], CommandType='"Text"', CommandTimeout='30']
CREATE TABLE IF NOT EXISTS "__EFMigrationsLock" (
    "Id" INTEGER NOT NULL CONSTRAINT "PK___EFMigrationsLock" PRIMARY KEY,
    "Timestamp" TEXT NOT NULL
);
2026-09-13 00:29:43.100 +07:00 [INF] Executed DbCommand (1ms) [Parameters=[], CommandType='"Text"', CommandTimeout='30']
INSERT OR IGNORE INTO "__EFMigrationsLock"("Id", "Timestamp") VALUES(1, '2026-09-12 17:29:43.0993523+00:00');
SELECT changes();
2026-09-13 00:29:43.168 +07:00 [INF] Executed DbCommand (1ms) [Parameters=[], CommandType='"Text"', CommandTimeout='30']
CREATE TABLE IF NOT EXISTS "__EFMigrationsHistory" (
    "MigrationId" TEXT NOT NULL CONSTRAINT "PK___EFMigrationsHistory" PRIMARY KEY,
    "ProductVersion" TEXT NOT NULL
);
2026-09-13 00:29:43.181 +07:00 [INF] Executed DbCommand (0ms) [Parameters=[], CommandType='"Text"', CommandTimeout='30']
SELECT COUNT(*) FROM "sqlite_master" WHERE "name" = '__EFMigrationsHistory' AND "type" = 'table';
2026-09-13 00:29:43.185 +07:00 [INF] Executed DbCommand (0ms) [Parameters=[], CommandType='"Text"', CommandTimeout='30']
SELECT "MigrationId", "ProductVersion"
FROM "__EFMigrationsHistory"
ORDER BY "MigrationId";
2026-09-13 00:29:43.201 +07:00 [INF] Applying migration '20260912172819_Init'.
2026-09-13 00:29:43.244 +07:00 [INF] Executed DbCommand (0ms) [Parameters=[], CommandType='"Text"', CommandTimeout='30']
CREATE TABLE "Users" (
    "Id" TEXT NOT NULL CONSTRAINT "PK_Users" PRIMARY KEY,
    "Username" TEXT NOT NULL,
    "PasswordHash" TEXT NOT NULL,
    "Email" TEXT NOT NULL,
    "Name" TEXT NOT NULL,
    "Avatar" TEXT NULL,
    "Phone" TEXT NULL,
    "Title" TEXT NULL,
    "Signature" TEXT NULL,
    "Group" TEXT NULL,
    "Address" TEXT NULL,
    "Role" TEXT NOT NULL,
    "CreatedAt" TEXT NOT NULL,
    "UpdatedAt" TEXT NOT NULL
);
2026-09-13 00:29:43.247 +07:00 [INF] Executed DbCommand (0ms) [Parameters=[], CommandType='"Text"', CommandTimeout='30']
CREATE TABLE "Notices" (
    "Id" TEXT NOT NULL CONSTRAINT "PK_Notices" PRIMARY KEY,
    "UserId" TEXT NOT NULL,
    "Title" TEXT NOT NULL,
    "Description" TEXT NULL,
    "Extra" TEXT NULL,
    "Avatar" TEXT NULL,
    "Type" INTEGER NOT NULL,
    "Status" INTEGER NOT NULL,
    "CreatedAt" TEXT NOT NULL,
    CONSTRAINT "FK_Notices_Users_UserId" FOREIGN KEY ("UserId") REFERENCES "Users" ("Id") ON DELETE CASCADE
);
2026-09-13 00:29:43.250 +07:00 [INF] Executed DbCommand (0ms) [Parameters=[], CommandType='"Text"', CommandTimeout='30']
CREATE TABLE "RsaKeyPairs" (
    "Id" TEXT NOT NULL CONSTRAINT "PK_RsaKeyPairs" PRIMARY KEY,
    "OwnerId" TEXT NOT NULL,
    "Name" TEXT NOT NULL,
    "KeySize" INTEGER NOT NULL,
    "Algorithm" TEXT NOT NULL,
    "PublicKeyPem" TEXT NOT NULL,
    "PublicKeyFingerprint" TEXT NOT NULL,
    "Status" INTEGER NOT NULL,
    "CreatedAt" TEXT NOT NULL,
    "RevokedAt" TEXT NULL,
    CONSTRAINT "FK_RsaKeyPairs_Users_OwnerId" FOREIGN KEY ("OwnerId") REFERENCES "Users" ("Id") ON DELETE CASCADE
);
2026-09-13 00:29:43.253 +07:00 [INF] Executed DbCommand (0ms) [Parameters=[], CommandType='"Text"', CommandTimeout='30']
CREATE TABLE "EncryptedFiles" (
    "Id" TEXT NOT NULL CONSTRAINT "PK_EncryptedFiles" PRIMARY KEY,
    "OwnerId" TEXT NOT NULL,
    "OriginalName" TEXT NOT NULL,
    "StoragePath" TEXT NOT NULL,
    "FileSizeBytes" INTEGER NOT NULL,
    "MimeType" TEXT NOT NULL,
    "Algorithm" TEXT NOT NULL,
    "EncryptedAesKey" TEXT NOT NULL,
    "Iv" TEXT NOT NULL,
    "AuthTag" TEXT NOT NULL,
    "KeyPairId" TEXT NOT NULL,
    "Status" INTEGER NOT NULL,
    "CreatedAt" TEXT NOT NULL,
    "UpdatedAt" TEXT NOT NULL,
    CONSTRAINT "FK_EncryptedFiles_RsaKeyPairs_KeyPairId" FOREIGN KEY ("KeyPairId") REFERENCES "RsaKeyPairs" ("Id") ON DELETE RESTRICT,
    CONSTRAINT "FK_EncryptedFiles_Users_OwnerId" FOREIGN KEY ("OwnerId") REFERENCES "Users" ("Id") ON DELETE RESTRICT
);
2026-09-13 00:29:43.255 +07:00 [INF] Executed DbCommand (0ms) [Parameters=[], CommandType='"Text"', CommandTimeout='30']
CREATE TABLE "FileShares" (
    "Id" TEXT NOT NULL CONSTRAINT "PK_FileShares" PRIMARY KEY,
    "FileId" TEXT NOT NULL,
    "SharedWithUserId" TEXT NOT NULL,
    "SharedByUserId" TEXT NOT NULL,
    "ReEncryptedAesKey" TEXT NOT NULL,
    "SharedAt" TEXT NOT NULL,
    "ExpiresAt" TEXT NULL,
    CONSTRAINT "FK_FileShares_EncryptedFiles_FileId" FOREIGN KEY ("FileId") REFERENCES "EncryptedFiles" ("Id") ON DELETE CASCADE,
    CONSTRAINT "FK_FileShares_Users_SharedByUserId" FOREIGN KEY ("SharedByUserId") REFERENCES "Users" ("Id") ON DELETE RESTRICT,
    CONSTRAINT "FK_FileShares_Users_SharedWithUserId" FOREIGN KEY ("SharedWithUserId") REFERENCES "Users" ("Id") ON DELETE RESTRICT
);
2026-09-13 00:29:43.258 +07:00 [INF] Executed DbCommand (0ms) [Parameters=[], CommandType='"Text"', CommandTimeout='30']
INSERT INTO "Users" ("Id", "Address", "Avatar", "CreatedAt", "Email", "Group", "Name", "PasswordHash", "Phone", "Role", "Signature", "Title", "UpdatedAt", "Username")
VALUES ('00000000-0000-0000-0000-000000000001', '215 Lạch Tray, Ngô Quyền, Hải Phòng', NULL, '2024-01-01 00:00:00', 'admin@cloudsafe.vn', 'CloudSafe — Nhóm Bảo mật & Hạ tầng', 'Nguyễn Admin', '$2a$11$9c9NJmFcFbMV9R5za7fmXuEIQ2FbV.YxSCF.9bCPfzO4M7PvMmQ2a', '0225-3888888', 'admin', 'Bảo mật dữ liệu là ưu tiên hàng đầu', 'Quản trị viên hệ thống', '2024-01-01 00:00:00', 'admin');
SELECT changes();
2026-09-13 00:29:43.260 +07:00 [INF] Executed DbCommand (0ms) [Parameters=[], CommandType='"Text"', CommandTimeout='30']
CREATE INDEX "IX_EncryptedFiles_KeyPairId" ON "EncryptedFiles" ("KeyPairId");
2026-09-13 00:29:43.263 +07:00 [INF] Executed DbCommand (0ms) [Parameters=[], CommandType='"Text"', CommandTimeout='30']
CREATE INDEX "IX_EncryptedFiles_OwnerId" ON "EncryptedFiles" ("OwnerId");
2026-09-13 00:29:43.265 +07:00 [INF] Executed DbCommand (0ms) [Parameters=[], CommandType='"Text"', CommandTimeout='30']
CREATE INDEX "IX_FileShares_FileId" ON "FileShares" ("FileId");
2026-09-13 00:29:43.268 +07:00 [INF] Executed DbCommand (0ms) [Parameters=[], CommandType='"Text"', CommandTimeout='30']
CREATE INDEX "IX_FileShares_SharedByUserId" ON "FileShares" ("SharedByUserId");
2026-09-13 00:29:43.270 +07:00 [INF] Executed DbCommand (0ms) [Parameters=[], CommandType='"Text"', CommandTimeout='30']
CREATE INDEX "IX_FileShares_SharedWithUserId" ON "FileShares" ("SharedWithUserId");
2026-09-13 00:29:43.273 +07:00 [INF] Executed DbCommand (0ms) [Parameters=[], CommandType='"Text"', CommandTimeout='30']
CREATE INDEX "IX_Notices_UserId" ON "Notices" ("UserId");
2026-09-13 00:29:43.275 +07:00 [INF] Executed DbCommand (0ms) [Parameters=[], CommandType='"Text"', CommandTimeout='30']
CREATE INDEX "IX_RsaKeyPairs_OwnerId" ON "RsaKeyPairs" ("OwnerId");
2026-09-13 00:29:43.278 +07:00 [INF] Executed DbCommand (0ms) [Parameters=[], CommandType='"Text"', CommandTimeout='30']
CREATE UNIQUE INDEX "IX_Users_Email" ON "Users" ("Email");
2026-09-13 00:29:43.282 +07:00 [INF] Executed DbCommand (0ms) [Parameters=[], CommandType='"Text"', CommandTimeout='30']
CREATE UNIQUE INDEX "IX_Users_Username" ON "Users" ("Username");
2026-09-13 00:29:43.285 +07:00 [INF] Executed DbCommand (0ms) [Parameters=[], CommandType='"Text"', CommandTimeout='30']
INSERT INTO "__EFMigrationsHistory" ("MigrationId", "ProductVersion")
VALUES ('20260912172819_Init', '9.0.0');
2026-09-13 00:29:43.293 +07:00 [INF] Executed DbCommand (0ms) [Parameters=[], CommandType='"Text"', CommandTimeout='30']
DELETE FROM "__EFMigrationsLock";
2026-09-13 00:30:20.275 +07:00 [INF] Acquiring an exclusive lock for migration application. See https://aka.ms/efcore-docs-migrations-lock for more information if this takes too long.
2026-09-13 00:30:20.376 +07:00 [INF] Executed DbCommand (18ms) [Parameters=[], CommandType='"Text"', CommandTimeout='30']
SELECT COUNT(*) FROM "sqlite_master" WHERE "name" = '__EFMigrationsLock' AND "type" = 'table';
2026-09-13 00:30:20.387 +07:00 [INF] Executed DbCommand (3ms) [Parameters=[], CommandType='"Text"', CommandTimeout='30']
INSERT OR IGNORE INTO "__EFMigrationsLock"("Id", "Timestamp") VALUES(1, '2026-09-12 17:30:20.3845961+00:00');
SELECT changes();
2026-09-13 00:30:20.434 +07:00 [INF] Executed DbCommand (0ms) [Parameters=[], CommandType='"Text"', CommandTimeout='30']
CREATE TABLE IF NOT EXISTS "__EFMigrationsHistory" (
    "MigrationId" TEXT NOT NULL CONSTRAINT "PK___EFMigrationsHistory" PRIMARY KEY,
    "ProductVersion" TEXT NOT NULL
);
2026-09-13 00:30:20.444 +07:00 [INF] Executed DbCommand (0ms) [Parameters=[], CommandType='"Text"', CommandTimeout='30']
SELECT COUNT(*) FROM "sqlite_master" WHERE "name" = '__EFMigrationsHistory' AND "type" = 'table';
2026-09-13 00:30:20.449 +07:00 [INF] Executed DbCommand (0ms) [Parameters=[], CommandType='"Text"', CommandTimeout='30']
SELECT "MigrationId", "ProductVersion"
FROM "__EFMigrationsHistory"
ORDER BY "MigrationId";
2026-09-13 00:30:20.461 +07:00 [INF] No migrations were applied. The database is already up to date.
2026-09-13 00:30:20.465 +07:00 [INF] Executed DbCommand (1ms) [Parameters=[], CommandType='"Text"', CommandTimeout='30']
DELETE FROM "__EFMigrationsLock";
2026-09-13 00:30:20.471 +07:00 [INF] Database migration applied
2026-09-13 00:30:20.565 +07:00 [INF] CloudSafe API started on Production
2026-09-13 00:30:20.585 +07:00 [INF] User profile is available. Using 'C:\Users\TUNG\AppData\Local\ASP.NET\DataProtection-Keys' as key repository and Windows DPAPI to encrypt keys at rest.
2026-09-13 00:30:20.783 +07:00 [INF] Now listening on: http://localhost:5000
2026-09-13 00:30:20.785 +07:00 [INF] Application started. Press Ctrl+C to shut down.
2026-09-13 00:30:20.786 +07:00 [INF] Hosting environment: Production
2026-09-13 00:30:20.787 +07:00 [INF] Content root path: C:\Users\TUNG\Downloads\cloudsafe-full\CloudSafe.Api
2026-09-13 00:37:52.758 +07:00 [INF] Request starting HTTP/1.1 GET http://localhost:5000/api/currentUser - null null
2026-09-13 00:37:52.924 +07:00 [INF] Authorization failed. These requirements were not met:
DenyAnonymousAuthorizationRequirement: Requires an authenticated user.
2026-09-13 00:37:52.928 +07:00 [INF] AuthenticationScheme: Bearer was challenged.
2026-09-13 00:37:52.931 +07:00 [INF] HTTP GET /api/currentUser responded 401 in 117.1728 ms
2026-09-13 00:37:52.944 +07:00 [INF] Request finished HTTP/1.1 GET http://localhost:5000/api/currentUser - 401 0 null 188.1167ms
2026-09-13 00:38:04.634 +07:00 [INF] Request starting HTTP/1.1 POST http://localhost:5000/api/login/account - application/json 74
2026-09-13 00:38:04.644 +07:00 [INF] CORS policy execution failed.
2026-09-13 00:38:04.646 +07:00 [INF] Request origin http://localhost:5000 does not have permission to access the resource.
2026-09-13 00:38:04.706 +07:00 [INF] Executing endpoint 'CloudSafe.Api.Controllers.AuthController.Login (CloudSafe.Api)'
2026-09-13 00:38:05.220 +07:00 [INF] Route matched with {action = "Login", controller = "Auth"}. Executing controller action with signature System.Threading.Tasks.Task`1[Microsoft.AspNetCore.Mvc.IActionResult] Login(CloudSafe.Api.DTOs.LoginRequest) on controller CloudSafe.Api.Controllers.AuthController (CloudSafe.Api).
2026-09-13 00:38:07.277 +07:00 [INF] Executed DbCommand (9ms) [Parameters=[@__req_Username_0='?' (Size = 5)], CommandType='"Text"', CommandTimeout='30']
SELECT "u"."Id", "u"."Address", "u"."Avatar", "u"."CreatedAt", "u"."Email", "u"."Group", "u"."Name", "u"."PasswordHash", "u"."Phone", "u"."Role", "u"."Signature", "u"."Title", "u"."UpdatedAt", "u"."Username"
FROM "Users" AS "u"
WHERE "u"."Username" = @__req_Username_0
LIMIT 1
2026-09-13 00:38:10.131 +07:00 [WRN] Đăng nhập thất bại: admin
2026-09-13 00:38:10.141 +07:00 [INF] Executing OkObjectResult, writing value of type 'CloudSafe.Api.DTOs.LoginResult'.
2026-09-13 00:38:10.159 +07:00 [INF] Executed action CloudSafe.Api.Controllers.AuthController.Login (CloudSafe.Api) in 4902.2057ms
2026-09-13 00:38:10.162 +07:00 [INF] Executed endpoint 'CloudSafe.Api.Controllers.AuthController.Login (CloudSafe.Api)'
2026-09-13 00:38:10.165 +07:00 [INF] HTTP POST /api/login/account responded 200 in 5522.8476 ms
2026-09-13 00:38:10.174 +07:00 [INF] Request finished HTTP/1.1 POST http://localhost:5000/api/login/account - 200 null application/json; charset=utf-8 5540.3202ms
2026-09-13 00:38:19.821 +07:00 [INF] Request starting HTTP/1.1 POST http://localhost:5000/api/login/account - application/json 78
2026-09-13 00:38:19.829 +07:00 [INF] CORS policy execution failed.
2026-09-13 00:38:19.831 +07:00 [INF] Request origin http://localhost:5000 does not have permission to access the resource.
2026-09-13 00:38:19.835 +07:00 [INF] Executing endpoint 'CloudSafe.Api.Controllers.AuthController.Login (CloudSafe.Api)'
2026-09-13 00:38:19.838 +07:00 [INF] Route matched with {action = "Login", controller = "Auth"}. Executing controller action with signature System.Threading.Tasks.Task`1[Microsoft.AspNetCore.Mvc.IActionResult] Login(CloudSafe.Api.DTOs.LoginRequest) on controller CloudSafe.Api.Controllers.AuthController (CloudSafe.Api).
2026-09-13 00:38:19.958 +07:00 [INF] Executed DbCommand (0ms) [Parameters=[@__req_Username_0='?' (Size = 5)], CommandType='"Text"', CommandTimeout='30']
SELECT "u"."Id", "u"."Address", "u"."Avatar", "u"."CreatedAt", "u"."Email", "u"."Group", "u"."Name", "u"."PasswordHash", "u"."Phone", "u"."Role", "u"."Signature", "u"."Title", "u"."UpdatedAt", "u"."Username"
FROM "Users" AS "u"
WHERE "u"."Username" = @__req_Username_0
LIMIT 1
2026-09-13 00:38:20.390 +07:00 [WRN] Đăng nhập thất bại: admin
2026-09-13 00:38:20.392 +07:00 [INF] Executing OkObjectResult, writing value of type 'CloudSafe.Api.DTOs.LoginResult'.
2026-09-13 00:38:20.395 +07:00 [INF] Executed action CloudSafe.Api.Controllers.AuthController.Login (CloudSafe.Api) in 551.375ms
2026-09-13 00:38:20.398 +07:00 [INF] Executed endpoint 'CloudSafe.Api.Controllers.AuthController.Login (CloudSafe.Api)'
2026-09-13 00:38:20.400 +07:00 [INF] HTTP POST /api/login/account responded 200 in 571.3983 ms
2026-09-13 00:38:20.403 +07:00 [INF] Request finished HTTP/1.1 POST http://localhost:5000/api/login/account - 200 null application/json; charset=utf-8 582.4205ms
2026-09-13 00:38:23.485 +07:00 [INF] Request starting HTTP/1.1 POST http://localhost:5000/api/login/account - application/json 78
2026-09-13 00:38:23.490 +07:00 [INF] CORS policy execution failed.
2026-09-13 00:38:23.491 +07:00 [INF] Request origin http://localhost:5000 does not have permission to access the resource.
2026-09-13 00:38:23.493 +07:00 [INF] Executing endpoint 'CloudSafe.Api.Controllers.AuthController.Login (CloudSafe.Api)'
2026-09-13 00:38:23.495 +07:00 [INF] Route matched with {action = "Login", controller = "Auth"}. Executing controller action with signature System.Threading.Tasks.Task`1[Microsoft.AspNetCore.Mvc.IActionResult] Login(CloudSafe.Api.DTOs.LoginRequest) on controller CloudSafe.Api.Controllers.AuthController (CloudSafe.Api).
2026-09-13 00:38:23.504 +07:00 [INF] Executed DbCommand (0ms) [Parameters=[@__req_Username_0='?' (Size = 5)], CommandType='"Text"', CommandTimeout='30']
SELECT "u"."Id", "u"."Address", "u"."Avatar", "u"."CreatedAt", "u"."Email", "u"."Group", "u"."Name", "u"."PasswordHash", "u"."Phone", "u"."Role", "u"."Signature", "u"."Title", "u"."UpdatedAt", "u"."Username"
FROM "Users" AS "u"
WHERE "u"."Username" = @__req_Username_0
LIMIT 1
2026-09-13 00:38:23.709 +07:00 [WRN] Đăng nhập thất bại: admin
2026-09-13 00:38:23.711 +07:00 [INF] Executing OkObjectResult, writing value of type 'CloudSafe.Api.DTOs.LoginResult'.
2026-09-13 00:38:23.713 +07:00 [INF] Executed action CloudSafe.Api.Controllers.AuthController.Login (CloudSafe.Api) in 214.2135ms
2026-09-13 00:38:23.715 +07:00 [INF] Executed endpoint 'CloudSafe.Api.Controllers.AuthController.Login (CloudSafe.Api)'
2026-09-13 00:38:23.717 +07:00 [INF] HTTP POST /api/login/account responded 200 in 226.8183 ms
2026-09-13 00:38:23.720 +07:00 [INF] Request finished HTTP/1.1 POST http://localhost:5000/api/login/account - 200 null application/json; charset=utf-8 234.3089ms
2026-09-13 00:41:23.990 +07:00 [INF] Request starting HTTP/1.1 POST http://localhost:5000/api/login/account - application/json 86
2026-09-13 00:41:23.994 +07:00 [INF] CORS policy execution failed.
2026-09-13 00:41:23.996 +07:00 [INF] Request origin http://localhost:5000 does not have permission to access the resource.
2026-09-13 00:41:23.998 +07:00 [INF] Executing endpoint 'CloudSafe.Api.Controllers.AuthController.Login (CloudSafe.Api)'
2026-09-13 00:41:24.001 +07:00 [INF] Route matched with {action = "Login", controller = "Auth"}. Executing controller action with signature System.Threading.Tasks.Task`1[Microsoft.AspNetCore.Mvc.IActionResult] Login(CloudSafe.Api.DTOs.LoginRequest) on controller CloudSafe.Api.Controllers.AuthController (CloudSafe.Api).
2026-09-13 00:41:24.007 +07:00 [INF] Executed DbCommand (0ms) [Parameters=[@__req_Username_0='?' (Size = 18)], CommandType='"Text"', CommandTimeout='30']
SELECT "u"."Id", "u"."Address", "u"."Avatar", "u"."CreatedAt", "u"."Email", "u"."Group", "u"."Name", "u"."PasswordHash", "u"."Phone", "u"."Role", "u"."Signature", "u"."Title", "u"."UpdatedAt", "u"."Username"
FROM "Users" AS "u"
WHERE "u"."Username" = @__req_Username_0
LIMIT 1
2026-09-13 00:41:24.011 +07:00 [WRN] Đăng nhập thất bại: admin@cloudsafe.vn
2026-09-13 00:41:24.013 +07:00 [INF] Executing OkObjectResult, writing value of type 'CloudSafe.Api.DTOs.LoginResult'.
2026-09-13 00:41:24.015 +07:00 [INF] Executed action CloudSafe.Api.Controllers.AuthController.Login (CloudSafe.Api) in 11.4441ms
2026-09-13 00:41:24.017 +07:00 [INF] Executed endpoint 'CloudSafe.Api.Controllers.AuthController.Login (CloudSafe.Api)'
2026-09-13 00:41:24.020 +07:00 [INF] HTTP POST /api/login/account responded 200 in 25.2666 ms
2026-09-13 00:41:24.023 +07:00 [INF] Request finished HTTP/1.1 POST http://localhost:5000/api/login/account - 200 null application/json; charset=utf-8 33.6226ms
2026-09-13 00:41:29.336 +07:00 [INF] Request starting HTTP/1.1 POST http://localhost:5000/api/login/account - application/json 87
2026-09-13 00:41:29.340 +07:00 [INF] CORS policy execution failed.
2026-09-13 00:41:29.341 +07:00 [INF] Request origin http://localhost:5000 does not have permission to access the resource.
2026-09-13 00:41:29.343 +07:00 [INF] Executing endpoint 'CloudSafe.Api.Controllers.AuthController.Login (CloudSafe.Api)'
2026-09-13 00:41:29.346 +07:00 [INF] Route matched with {action = "Login", controller = "Auth"}. Executing controller action with signature System.Threading.Tasks.Task`1[Microsoft.AspNetCore.Mvc.IActionResult] Login(CloudSafe.Api.DTOs.LoginRequest) on controller CloudSafe.Api.Controllers.AuthController (CloudSafe.Api).
2026-09-13 00:41:29.352 +07:00 [INF] Executed DbCommand (1ms) [Parameters=[@__req_Username_0='?' (Size = 18)], CommandType='"Text"', CommandTimeout='30']
SELECT "u"."Id", "u"."Address", "u"."Avatar", "u"."CreatedAt", "u"."Email", "u"."Group", "u"."Name", "u"."PasswordHash", "u"."Phone", "u"."Role", "u"."Signature", "u"."Title", "u"."UpdatedAt", "u"."Username"
FROM "Users" AS "u"
WHERE "u"."Username" = @__req_Username_0
LIMIT 1
2026-09-13 00:41:29.356 +07:00 [WRN] Đăng nhập thất bại: admin@cloudsafe.vn
2026-09-13 00:41:29.358 +07:00 [INF] Executing OkObjectResult, writing value of type 'CloudSafe.Api.DTOs.LoginResult'.
2026-09-13 00:41:29.360 +07:00 [INF] Executed action CloudSafe.Api.Controllers.AuthController.Login (CloudSafe.Api) in 11.0003ms
2026-09-13 00:41:29.363 +07:00 [INF] Executed endpoint 'CloudSafe.Api.Controllers.AuthController.Login (CloudSafe.Api)'
2026-09-13 00:41:29.364 +07:00 [INF] HTTP POST /api/login/account responded 200 in 24.6146 ms
2026-09-13 00:41:29.367 +07:00 [INF] Request finished HTTP/1.1 POST http://localhost:5000/api/login/account - 200 null application/json; charset=utf-8 31.2491ms
2026-09-13 00:41:30.503 +07:00 [INF] Request starting HTTP/1.1 POST http://localhost:5000/api/login/account - application/json 87
2026-09-13 00:41:30.506 +07:00 [INF] CORS policy execution failed.
2026-09-13 00:41:30.508 +07:00 [INF] Request origin http://localhost:5000 does not have permission to access the resource.
2026-09-13 00:41:30.510 +07:00 [INF] Executing endpoint 'CloudSafe.Api.Controllers.AuthController.Login (CloudSafe.Api)'
2026-09-13 00:41:30.512 +07:00 [INF] Route matched with {action = "Login", controller = "Auth"}. Executing controller action with signature System.Threading.Tasks.Task`1[Microsoft.AspNetCore.Mvc.IActionResult] Login(CloudSafe.Api.DTOs.LoginRequest) on controller CloudSafe.Api.Controllers.AuthController (CloudSafe.Api).
2026-09-13 00:41:30.517 +07:00 [INF] Executed DbCommand (0ms) [Parameters=[@__req_Username_0='?' (Size = 18)], CommandType='"Text"', CommandTimeout='30']
SELECT "u"."Id", "u"."Address", "u"."Avatar", "u"."CreatedAt", "u"."Email", "u"."Group", "u"."Name", "u"."PasswordHash", "u"."Phone", "u"."Role", "u"."Signature", "u"."Title", "u"."UpdatedAt", "u"."Username"
FROM "Users" AS "u"
WHERE "u"."Username" = @__req_Username_0
LIMIT 1
2026-09-13 00:41:30.521 +07:00 [WRN] Đăng nhập thất bại: admin@cloudsafe.vn
2026-09-13 00:41:30.523 +07:00 [INF] Executing OkObjectResult, writing value of type 'CloudSafe.Api.DTOs.LoginResult'.
2026-09-13 00:41:30.525 +07:00 [INF] Executed action CloudSafe.Api.Controllers.AuthController.Login (CloudSafe.Api) in 10.9539ms
2026-09-13 00:41:30.527 +07:00 [INF] Executed endpoint 'CloudSafe.Api.Controllers.AuthController.Login (CloudSafe.Api)'
2026-09-13 00:41:30.529 +07:00 [INF] HTTP POST /api/login/account responded 200 in 23.1347 ms
2026-09-13 00:41:30.532 +07:00 [INF] Request finished HTTP/1.1 POST http://localhost:5000/api/login/account - 200 null application/json; charset=utf-8 29.5879ms
2026-09-13 00:41:31.749 +07:00 [INF] Request starting HTTP/1.1 POST http://localhost:5000/api/login/account - application/json 87
2026-09-13 00:41:31.752 +07:00 [INF] CORS policy execution failed.
2026-09-13 00:41:31.754 +07:00 [INF] Request origin http://localhost:5000 does not have permission to access the resource.
2026-09-13 00:41:31.755 +07:00 [INF] Executing endpoint 'CloudSafe.Api.Controllers.AuthController.Login (CloudSafe.Api)'
2026-09-13 00:41:31.757 +07:00 [INF] Route matched with {action = "Login", controller = "Auth"}. Executing controller action with signature System.Threading.Tasks.Task`1[Microsoft.AspNetCore.Mvc.IActionResult] Login(CloudSafe.Api.DTOs.LoginRequest) on controller CloudSafe.Api.Controllers.AuthController (CloudSafe.Api).
2026-09-13 00:41:31.762 +07:00 [INF] Executed DbCommand (0ms) [Parameters=[@__req_Username_0='?' (Size = 18)], CommandType='"Text"', CommandTimeout='30']
SELECT "u"."Id", "u"."Address", "u"."Avatar", "u"."CreatedAt", "u"."Email", "u"."Group", "u"."Name", "u"."PasswordHash", "u"."Phone", "u"."Role", "u"."Signature", "u"."Title", "u"."UpdatedAt", "u"."Username"
FROM "Users" AS "u"
WHERE "u"."Username" = @__req_Username_0
LIMIT 1
2026-09-13 00:41:31.765 +07:00 [WRN] Đăng nhập thất bại: admin@cloudsafe.vn
2026-09-13 00:41:31.766 +07:00 [INF] Executing OkObjectResult, writing value of type 'CloudSafe.Api.DTOs.LoginResult'.
2026-09-13 00:41:31.768 +07:00 [INF] Executed action CloudSafe.Api.Controllers.AuthController.Login (CloudSafe.Api) in 8.9577ms
2026-09-13 00:41:31.770 +07:00 [INF] Executed endpoint 'CloudSafe.Api.Controllers.AuthController.Login (CloudSafe.Api)'
2026-09-13 00:41:31.771 +07:00 [INF] HTTP POST /api/login/account responded 200 in 19.1458 ms
2026-09-13 00:41:31.775 +07:00 [INF] Request finished HTTP/1.1 POST http://localhost:5000/api/login/account - 200 null application/json; charset=utf-8 25.9335ms
2026-09-13 00:42:36.005 +07:00 [INF] Application is shutting down...
2026-09-13 00:42:54.124 +07:00 [INF] Acquiring an exclusive lock for migration application. See https://aka.ms/efcore-docs-migrations-lock for more information if this takes too long.
2026-09-13 00:42:54.218 +07:00 [INF] Executed DbCommand (12ms) [Parameters=[], CommandType='"Text"', CommandTimeout='30']
SELECT COUNT(*) FROM "sqlite_master" WHERE "name" = '__EFMigrationsLock' AND "type" = 'table';
2026-09-13 00:42:54.234 +07:00 [INF] Executed DbCommand (4ms) [Parameters=[], CommandType='"Text"', CommandTimeout='30']
INSERT OR IGNORE INTO "__EFMigrationsLock"("Id", "Timestamp") VALUES(1, '2026-09-12 17:42:54.2297294+00:00');
SELECT changes();
2026-09-13 00:42:54.305 +07:00 [INF] Executed DbCommand (0ms) [Parameters=[], CommandType='"Text"', CommandTimeout='30']
CREATE TABLE IF NOT EXISTS "__EFMigrationsHistory" (
    "MigrationId" TEXT NOT NULL CONSTRAINT "PK___EFMigrationsHistory" PRIMARY KEY,
    "ProductVersion" TEXT NOT NULL
);
2026-09-13 00:42:54.315 +07:00 [INF] Executed DbCommand (0ms) [Parameters=[], CommandType='"Text"', CommandTimeout='30']
SELECT COUNT(*) FROM "sqlite_master" WHERE "name" = '__EFMigrationsHistory' AND "type" = 'table';
2026-09-13 00:42:54.321 +07:00 [INF] Executed DbCommand (1ms) [Parameters=[], CommandType='"Text"', CommandTimeout='30']
SELECT "MigrationId", "ProductVersion"
FROM "__EFMigrationsHistory"
ORDER BY "MigrationId";
2026-09-13 00:42:54.336 +07:00 [INF] No migrations were applied. The database is already up to date.
2026-09-13 00:42:54.343 +07:00 [INF] Executed DbCommand (2ms) [Parameters=[], CommandType='"Text"', CommandTimeout='30']
DELETE FROM "__EFMigrationsLock";
2026-09-13 00:42:54.353 +07:00 [INF] Database migration applied
2026-09-13 00:42:54.493 +07:00 [INF] Acquiring an exclusive lock for migration application. See https://aka.ms/efcore-docs-migrations-lock for more information if this takes too long.
2026-09-13 00:42:54.495 +07:00 [INF] Executed DbCommand (0ms) [Parameters=[], CommandType='"Text"', CommandTimeout='30']
SELECT COUNT(*) FROM "sqlite_master" WHERE "name" = '__EFMigrationsLock' AND "type" = 'table';
2026-09-13 00:42:54.499 +07:00 [INF] Executed DbCommand (1ms) [Parameters=[], CommandType='"Text"', CommandTimeout='30']
INSERT OR IGNORE INTO "__EFMigrationsLock"("Id", "Timestamp") VALUES(1, '2026-09-12 17:42:54.498428+00:00');
SELECT changes();
2026-09-13 00:42:54.506 +07:00 [INF] Executed DbCommand (0ms) [Parameters=[], CommandType='"Text"', CommandTimeout='30']
CREATE TABLE IF NOT EXISTS "__EFMigrationsHistory" (
    "MigrationId" TEXT NOT NULL CONSTRAINT "PK___EFMigrationsHistory" PRIMARY KEY,
    "ProductVersion" TEXT NOT NULL
);
2026-09-13 00:42:54.510 +07:00 [INF] Executed DbCommand (0ms) [Parameters=[], CommandType='"Text"', CommandTimeout='30']
SELECT COUNT(*) FROM "sqlite_master" WHERE "name" = '__EFMigrationsHistory' AND "type" = 'table';
2026-09-13 00:42:54.513 +07:00 [INF] Executed DbCommand (0ms) [Parameters=[], CommandType='"Text"', CommandTimeout='30']
SELECT "MigrationId", "ProductVersion"
FROM "__EFMigrationsHistory"
ORDER BY "MigrationId";
2026-09-13 00:42:54.517 +07:00 [INF] No migrations were applied. The database is already up to date.
2026-09-13 00:42:54.520 +07:00 [INF] Executed DbCommand (1ms) [Parameters=[], CommandType='"Text"', CommandTimeout='30']
DELETE FROM "__EFMigrationsLock";
2026-09-13 00:42:54.719 +07:00 [INF] Executed DbCommand (2ms) [Parameters=[], CommandType='"Text"', CommandTimeout='30']
SELECT EXISTS (
    SELECT 1
    FROM "Users" AS "u")
2026-09-13 00:42:54.746 +07:00 [INF] User profile is available. Using 'C:\Users\TUNG\AppData\Local\ASP.NET\DataProtection-Keys' as key repository and Windows DPAPI to encrypt keys at rest.
2026-09-13 00:42:55.011 +07:00 [INF] Now listening on: http://localhost:5000
2026-09-13 00:42:55.015 +07:00 [INF] Application started. Press Ctrl+C to shut down.
2026-09-13 00:42:55.016 +07:00 [INF] Hosting environment: Production
2026-09-13 00:42:55.017 +07:00 [INF] Content root path: C:\Users\TUNG\Downloads\cloudsafe-full\CloudSafe.Api
2026-09-13 00:43:42.456 +07:00 [INF] Request starting HTTP/1.1 POST http://localhost:5000/api/login/account - application/json 76
2026-09-13 00:43:42.501 +07:00 [INF] CORS policy execution failed.
2026-09-13 00:43:42.503 +07:00 [INF] Request origin http://localhost:5000 does not have permission to access the resource.
2026-09-13 00:43:42.547 +07:00 [INF] Executing endpoint 'CloudSafe.Api.Controllers.AuthController.Login (CloudSafe.Api)'
2026-09-13 00:43:42.572 +07:00 [INF] Route matched with {action = "Login", controller = "Auth"}. Executing controller action with signature System.Threading.Tasks.Task`1[Microsoft.AspNetCore.Mvc.IActionResult] Login(CloudSafe.Api.DTOs.LoginRequest) on controller CloudSafe.Api.Controllers.AuthController (CloudSafe.Api).
2026-09-13 00:43:42.775 +07:00 [INF] Executed DbCommand (5ms) [Parameters=[@__req_Username_0='?' (Size = 5)], CommandType='"Text"', CommandTimeout='30']
SELECT "u"."Id", "u"."Address", "u"."Avatar", "u"."CreatedAt", "u"."Email", "u"."Group", "u"."Name", "u"."PasswordHash", "u"."Phone", "u"."Role", "u"."Signature", "u"."Title", "u"."UpdatedAt", "u"."Username"
FROM "Users" AS "u"
WHERE "u"."Username" = @__req_Username_0
LIMIT 1
2026-09-13 00:43:43.218 +07:00 [WRN] Đăng nhập thất bại: admin
2026-09-13 00:43:43.225 +07:00 [INF] Executing OkObjectResult, writing value of type 'CloudSafe.Api.DTOs.LoginResult'.
2026-09-13 00:43:43.241 +07:00 [INF] Executed action CloudSafe.Api.Controllers.AuthController.Login (CloudSafe.Api) in 661.401ms
2026-09-13 00:43:43.250 +07:00 [INF] Executed endpoint 'CloudSafe.Api.Controllers.AuthController.Login (CloudSafe.Api)'
2026-09-13 00:43:43.254 +07:00 [INF] HTTP POST /api/login/account responded 200 in 755.0000 ms
2026-09-13 00:43:43.267 +07:00 [INF] Request finished HTTP/1.1 POST http://localhost:5000/api/login/account - 200 null application/json; charset=utf-8 812.571ms
2026-09-13 09:19:13.549 +07:00 [INF] Request starting HTTP/1.1 POST http://localhost:5000/api/login/account - application/json 76
2026-09-13 09:19:13.557 +07:00 [INF] CORS policy execution failed.
2026-09-13 09:19:13.559 +07:00 [INF] Request origin http://localhost:5000 does not have permission to access the resource.
2026-09-13 09:19:13.565 +07:00 [INF] Executing endpoint 'CloudSafe.Api.Controllers.AuthController.Login (CloudSafe.Api)'
2026-09-13 09:19:13.569 +07:00 [INF] Route matched with {action = "Login", controller = "Auth"}. Executing controller action with signature System.Threading.Tasks.Task`1[Microsoft.AspNetCore.Mvc.IActionResult] Login(CloudSafe.Api.DTOs.LoginRequest) on controller CloudSafe.Api.Controllers.AuthController (CloudSafe.Api).
2026-09-13 09:19:13.590 +07:00 [INF] Executed DbCommand (0ms) [Parameters=[@__req_Username_0='?' (Size = 5)], CommandType='"Text"', CommandTimeout='30']
SELECT "u"."Id", "u"."Address", "u"."Avatar", "u"."CreatedAt", "u"."Email", "u"."Group", "u"."Name", "u"."PasswordHash", "u"."Phone", "u"."Role", "u"."Signature", "u"."Title", "u"."UpdatedAt", "u"."Username"
FROM "Users" AS "u"
WHERE "u"."Username" = @__req_Username_0
LIMIT 1
2026-09-13 09:19:14.004 +07:00 [WRN] Đăng nhập thất bại: admin
2026-09-13 09:19:14.007 +07:00 [INF] Executing OkObjectResult, writing value of type 'CloudSafe.Api.DTOs.LoginResult'.
2026-09-13 09:19:14.011 +07:00 [INF] Executed action CloudSafe.Api.Controllers.AuthController.Login (CloudSafe.Api) in 437.0205ms
2026-09-13 09:19:14.013 +07:00 [INF] Executed endpoint 'CloudSafe.Api.Controllers.AuthController.Login (CloudSafe.Api)'
2026-09-13 09:19:14.015 +07:00 [INF] HTTP POST /api/login/account responded 200 in 459.1220 ms
2026-09-13 09:19:14.018 +07:00 [INF] Request finished HTTP/1.1 POST http://localhost:5000/api/login/account - 200 null application/json; charset=utf-8 469.2583ms
2026-09-13 09:21:19.867 +07:00 [INF] Request starting HTTP/1.1 POST http://localhost:5000/api/login/account - application/json 76
2026-09-13 09:21:19.870 +07:00 [INF] CORS policy execution failed.
2026-09-13 09:21:19.871 +07:00 [INF] Request origin http://localhost:5000 does not have permission to access the resource.
2026-09-13 09:21:19.876 +07:00 [INF] Executing endpoint 'CloudSafe.Api.Controllers.AuthController.Login (CloudSafe.Api)'
2026-09-13 09:21:19.877 +07:00 [INF] Route matched with {action = "Login", controller = "Auth"}. Executing controller action with signature System.Threading.Tasks.Task`1[Microsoft.AspNetCore.Mvc.IActionResult] Login(CloudSafe.Api.DTOs.LoginRequest) on controller CloudSafe.Api.Controllers.AuthController (CloudSafe.Api).
2026-09-13 09:21:19.884 +07:00 [INF] Executed DbCommand (0ms) [Parameters=[@__req_Username_0='?' (Size = 5)], CommandType='"Text"', CommandTimeout='30']
SELECT "u"."Id", "u"."Address", "u"."Avatar", "u"."CreatedAt", "u"."Email", "u"."Group", "u"."Name", "u"."PasswordHash", "u"."Phone", "u"."Role", "u"."Signature", "u"."Title", "u"."UpdatedAt", "u"."Username"
FROM "Users" AS "u"
WHERE "u"."Username" = @__req_Username_0
LIMIT 1
2026-09-13 09:21:20.034 +07:00 [WRN] Đăng nhập thất bại: admin
2026-09-13 09:21:20.035 +07:00 [INF] Executing OkObjectResult, writing value of type 'CloudSafe.Api.DTOs.LoginResult'.
2026-09-13 09:21:20.037 +07:00 [INF] Executed action CloudSafe.Api.Controllers.AuthController.Login (CloudSafe.Api) in 158.3383ms
2026-09-13 09:21:20.039 +07:00 [INF] Executed endpoint 'CloudSafe.Api.Controllers.AuthController.Login (CloudSafe.Api)'
2026-09-13 09:21:20.040 +07:00 [INF] HTTP POST /api/login/account responded 200 in 170.0096 ms
2026-09-13 09:21:20.042 +07:00 [INF] Request finished HTTP/1.1 POST http://localhost:5000/api/login/account - 200 null application/json; charset=utf-8 174.8735ms
2026-09-13 09:21:31.137 +07:00 [INF] Request starting HTTP/1.1 POST http://localhost:5000/api/login/account - application/json 76
2026-09-13 09:21:31.141 +07:00 [INF] CORS policy execution failed.
2026-09-13 09:21:31.142 +07:00 [INF] Request origin http://localhost:5000 does not have permission to access the resource.
2026-09-13 09:21:31.145 +07:00 [INF] Executing endpoint 'CloudSafe.Api.Controllers.AuthController.Login (CloudSafe.Api)'
2026-09-13 09:21:31.146 +07:00 [INF] Route matched with {action = "Login", controller = "Auth"}. Executing controller action with signature System.Threading.Tasks.Task`1[Microsoft.AspNetCore.Mvc.IActionResult] Login(CloudSafe.Api.DTOs.LoginRequest) on controller CloudSafe.Api.Controllers.AuthController (CloudSafe.Api).
2026-09-13 09:21:31.151 +07:00 [INF] Executed DbCommand (0ms) [Parameters=[@__req_Username_0='?' (Size = 5)], CommandType='"Text"', CommandTimeout='30']
SELECT "u"."Id", "u"."Address", "u"."Avatar", "u"."CreatedAt", "u"."Email", "u"."Group", "u"."Name", "u"."PasswordHash", "u"."Phone", "u"."Role", "u"."Signature", "u"."Title", "u"."UpdatedAt", "u"."Username"
FROM "Users" AS "u"
WHERE "u"."Username" = @__req_Username_0
LIMIT 1
2026-09-13 09:21:31.319 +07:00 [WRN] Đăng nhập thất bại: admin
2026-09-13 09:21:31.321 +07:00 [INF] Executing OkObjectResult, writing value of type 'CloudSafe.Api.DTOs.LoginResult'.
2026-09-13 09:21:31.322 +07:00 [INF] Executed action CloudSafe.Api.Controllers.AuthController.Login (CloudSafe.Api) in 173.8242ms
2026-09-13 09:21:31.324 +07:00 [INF] Executed endpoint 'CloudSafe.Api.Controllers.AuthController.Login (CloudSafe.Api)'
2026-09-13 09:21:31.326 +07:00 [INF] HTTP POST /api/login/account responded 200 in 184.4577 ms
2026-09-13 09:21:31.328 +07:00 [INF] Request finished HTTP/1.1 POST http://localhost:5000/api/login/account - 200 null application/json; charset=utf-8 190.8111ms
2026-09-13 09:21:59.629 +07:00 [INF] Application is shutting down...
2026-09-13 09:22:11.970 +07:00 [INF] Acquiring an exclusive lock for migration application. See https://aka.ms/efcore-docs-migrations-lock for more information if this takes too long.
2026-09-13 09:22:12.041 +07:00 [INF] Executed DbCommand (9ms) [Parameters=[], CommandType='"Text"', CommandTimeout='30']
SELECT COUNT(*) FROM "sqlite_master" WHERE "name" = '__EFMigrationsLock' AND "type" = 'table';
2026-09-13 09:22:12.050 +07:00 [INF] Executed DbCommand (2ms) [Parameters=[], CommandType='"Text"', CommandTimeout='30']
INSERT OR IGNORE INTO "__EFMigrationsLock"("Id", "Timestamp") VALUES(1, '2026-09-13 02:22:12.0482736+00:00');
SELECT changes();
2026-09-13 09:22:12.107 +07:00 [INF] Executed DbCommand (0ms) [Parameters=[], CommandType='"Text"', CommandTimeout='30']
CREATE TABLE IF NOT EXISTS "__EFMigrationsHistory" (
    "MigrationId" TEXT NOT NULL CONSTRAINT "PK___EFMigrationsHistory" PRIMARY KEY,
    "ProductVersion" TEXT NOT NULL
);
2026-09-13 09:22:12.117 +07:00 [INF] Executed DbCommand (0ms) [Parameters=[], CommandType='"Text"', CommandTimeout='30']
SELECT COUNT(*) FROM "sqlite_master" WHERE "name" = '__EFMigrationsHistory' AND "type" = 'table';
2026-09-13 09:22:12.121 +07:00 [INF] Executed DbCommand (0ms) [Parameters=[], CommandType='"Text"', CommandTimeout='30']
SELECT "MigrationId", "ProductVersion"
FROM "__EFMigrationsHistory"
ORDER BY "MigrationId";
2026-09-13 09:22:12.135 +07:00 [INF] No migrations were applied. The database is already up to date.
2026-09-13 09:22:12.139 +07:00 [INF] Executed DbCommand (1ms) [Parameters=[], CommandType='"Text"', CommandTimeout='30']
DELETE FROM "__EFMigrationsLock";
2026-09-13 09:22:12.148 +07:00 [INF] Database migration applied
2026-09-13 09:22:12.278 +07:00 [INF] Acquiring an exclusive lock for migration application. See https://aka.ms/efcore-docs-migrations-lock for more information if this takes too long.
2026-09-13 09:22:12.279 +07:00 [INF] Executed DbCommand (0ms) [Parameters=[], CommandType='"Text"', CommandTimeout='30']
SELECT COUNT(*) FROM "sqlite_master" WHERE "name" = '__EFMigrationsLock' AND "type" = 'table';
2026-09-13 09:22:12.282 +07:00 [INF] Executed DbCommand (0ms) [Parameters=[], CommandType='"Text"', CommandTimeout='30']
INSERT OR IGNORE INTO "__EFMigrationsLock"("Id", "Timestamp") VALUES(1, '2026-09-13 02:22:12.2816838+00:00');
SELECT changes();
2026-09-13 09:22:12.287 +07:00 [INF] Executed DbCommand (0ms) [Parameters=[], CommandType='"Text"', CommandTimeout='30']
CREATE TABLE IF NOT EXISTS "__EFMigrationsHistory" (
    "MigrationId" TEXT NOT NULL CONSTRAINT "PK___EFMigrationsHistory" PRIMARY KEY,
    "ProductVersion" TEXT NOT NULL
);
2026-09-13 09:22:12.290 +07:00 [INF] Executed DbCommand (0ms) [Parameters=[], CommandType='"Text"', CommandTimeout='30']
SELECT COUNT(*) FROM "sqlite_master" WHERE "name" = '__EFMigrationsHistory' AND "type" = 'table';
2026-09-13 09:22:12.293 +07:00 [INF] Executed DbCommand (0ms) [Parameters=[], CommandType='"Text"', CommandTimeout='30']
SELECT "MigrationId", "ProductVersion"
FROM "__EFMigrationsHistory"
ORDER BY "MigrationId";
2026-09-13 09:22:12.296 +07:00 [INF] No migrations were applied. The database is already up to date.
2026-09-13 09:22:12.298 +07:00 [INF] Executed DbCommand (1ms) [Parameters=[], CommandType='"Text"', CommandTimeout='30']
DELETE FROM "__EFMigrationsLock";
2026-09-13 09:22:12.477 +07:00 [INF] Executed DbCommand (0ms) [Parameters=[], CommandType='"Text"', CommandTimeout='30']
SELECT EXISTS (
    SELECT 1
    FROM "Users" AS "u")
2026-09-13 09:22:12.495 +07:00 [INF] User profile is available. Using 'C:\Users\TUNG\AppData\Local\ASP.NET\DataProtection-Keys' as key repository and Windows DPAPI to encrypt keys at rest.
2026-09-13 09:22:12.589 +07:00 [INF] Now listening on: http://localhost:5000
2026-09-13 09:22:12.592 +07:00 [INF] Application started. Press Ctrl+C to shut down.
2026-09-13 09:22:12.594 +07:00 [INF] Hosting environment: Production
2026-09-13 09:22:12.595 +07:00 [INF] Content root path: C:\Users\TUNG\Downloads\cloudsafe-full\CloudSafe.Api
2026-09-13 09:22:40.995 +07:00 [INF] Request starting HTTP/1.1 POST http://localhost:5000/api/login/account - application/json 74
2026-09-13 09:22:41.050 +07:00 [INF] CORS policy execution failed.
2026-09-13 09:22:41.054 +07:00 [INF] Request origin http://localhost:5000 does not have permission to access the resource.
2026-09-13 09:22:41.100 +07:00 [INF] Executing endpoint 'CloudSafe.Api.Controllers.AuthController.Login (CloudSafe.Api)'
2026-09-13 09:22:41.122 +07:00 [INF] Route matched with {action = "Login", controller = "Auth"}. Executing controller action with signature System.Threading.Tasks.Task`1[Microsoft.AspNetCore.Mvc.IActionResult] Login(CloudSafe.Api.DTOs.LoginRequest) on controller CloudSafe.Api.Controllers.AuthController (CloudSafe.Api).
2026-09-13 09:22:41.278 +07:00 [INF] Executed DbCommand (4ms) [Parameters=[@__req_Username_0='?' (Size = 4)], CommandType='"Text"', CommandTimeout='30']
SELECT "u"."Id", "u"."Address", "u"."Avatar", "u"."CreatedAt", "u"."Email", "u"."Group", "u"."Name", "u"."PasswordHash", "u"."Phone", "u"."Role", "u"."Signature", "u"."Title", "u"."UpdatedAt", "u"."Username"
FROM "Users" AS "u"
WHERE "u"."Username" = @__req_Username_0
LIMIT 1
2026-09-13 09:22:41.288 +07:00 [WRN] Đăng nhập thất bại: user
2026-09-13 09:22:41.296 +07:00 [INF] Executing OkObjectResult, writing value of type 'CloudSafe.Api.DTOs.LoginResult'.
2026-09-13 09:22:41.316 +07:00 [INF] Executed action CloudSafe.Api.Controllers.AuthController.Login (CloudSafe.Api) in 186.3597ms
2026-09-13 09:22:41.324 +07:00 [INF] Executed endpoint 'CloudSafe.Api.Controllers.AuthController.Login (CloudSafe.Api)'
2026-09-13 09:22:41.328 +07:00 [INF] HTTP POST /api/login/account responded 200 in 279.3333 ms
2026-09-13 09:22:41.343 +07:00 [INF] Request finished HTTP/1.1 POST http://localhost:5000/api/login/account - 200 null application/json; charset=utf-8 349.6776ms
2026-09-13 09:34:02.173 +07:00 [INF] Application is shutting down...
2026-09-13 09:34:13.623 +07:00 [INF] Executed DbCommand (17ms) [Parameters=[], CommandType='"Text"', CommandTimeout='30']
PRAGMA journal_mode = 'wal';
2026-09-13 09:34:13.691 +07:00 [INF] Acquiring an exclusive lock for migration application. See https://aka.ms/efcore-docs-migrations-lock for more information if this takes too long.
2026-09-13 09:34:13.702 +07:00 [INF] Executed DbCommand (5ms) [Parameters=[], CommandType='"Text"', CommandTimeout='30']
SELECT COUNT(*) FROM "sqlite_master" WHERE "name" = '__EFMigrationsLock' AND "type" = 'table';
2026-09-13 09:34:13.708 +07:00 [INF] Executed DbCommand (3ms) [Parameters=[], CommandType='"Text"', CommandTimeout='30']
CREATE TABLE IF NOT EXISTS "__EFMigrationsLock" (
    "Id" INTEGER NOT NULL CONSTRAINT "PK___EFMigrationsLock" PRIMARY KEY,
    "Timestamp" TEXT NOT NULL
);
2026-09-13 09:34:13.715 +07:00 [INF] Executed DbCommand (1ms) [Parameters=[], CommandType='"Text"', CommandTimeout='30']
INSERT OR IGNORE INTO "__EFMigrationsLock"("Id", "Timestamp") VALUES(1, '2026-09-13 02:34:13.7131264+00:00');
SELECT changes();
2026-09-13 09:34:13.788 +07:00 [INF] Executed DbCommand (1ms) [Parameters=[], CommandType='"Text"', CommandTimeout='30']
CREATE TABLE IF NOT EXISTS "__EFMigrationsHistory" (
    "MigrationId" TEXT NOT NULL CONSTRAINT "PK___EFMigrationsHistory" PRIMARY KEY,
    "ProductVersion" TEXT NOT NULL
);
2026-09-13 09:34:13.804 +07:00 [INF] Executed DbCommand (0ms) [Parameters=[], CommandType='"Text"', CommandTimeout='30']
SELECT COUNT(*) FROM "sqlite_master" WHERE "name" = '__EFMigrationsHistory' AND "type" = 'table';
2026-09-13 09:34:13.811 +07:00 [INF] Executed DbCommand (1ms) [Parameters=[], CommandType='"Text"', CommandTimeout='30']
SELECT "MigrationId", "ProductVersion"
FROM "__EFMigrationsHistory"
ORDER BY "MigrationId";
2026-09-13 09:34:13.828 +07:00 [INF] Applying migration '20260912172819_Init'.
2026-09-13 09:34:13.871 +07:00 [INF] Executed DbCommand (0ms) [Parameters=[], CommandType='"Text"', CommandTimeout='30']
CREATE TABLE "Users" (
    "Id" TEXT NOT NULL CONSTRAINT "PK_Users" PRIMARY KEY,
    "Username" TEXT NOT NULL,
    "PasswordHash" TEXT NOT NULL,
    "Email" TEXT NOT NULL,
    "Name" TEXT NOT NULL,
    "Avatar" TEXT NULL,
    "Phone" TEXT NULL,
    "Title" TEXT NULL,
    "Signature" TEXT NULL,
    "Group" TEXT NULL,
    "Address" TEXT NULL,
    "Role" TEXT NOT NULL,
    "CreatedAt" TEXT NOT NULL,
    "UpdatedAt" TEXT NOT NULL
);
2026-09-13 09:34:13.874 +07:00 [INF] Executed DbCommand (0ms) [Parameters=[], CommandType='"Text"', CommandTimeout='30']
CREATE TABLE "Notices" (
    "Id" TEXT NOT NULL CONSTRAINT "PK_Notices" PRIMARY KEY,
    "UserId" TEXT NOT NULL,
    "Title" TEXT NOT NULL,
    "Description" TEXT NULL,
    "Extra" TEXT NULL,
    "Avatar" TEXT NULL,
    "Type" INTEGER NOT NULL,
    "Status" INTEGER NOT NULL,
    "CreatedAt" TEXT NOT NULL,
    CONSTRAINT "FK_Notices_Users_UserId" FOREIGN KEY ("UserId") REFERENCES "Users" ("Id") ON DELETE CASCADE
);
2026-09-13 09:34:13.877 +07:00 [INF] Executed DbCommand (0ms) [Parameters=[], CommandType='"Text"', CommandTimeout='30']
CREATE TABLE "RsaKeyPairs" (
    "Id" TEXT NOT NULL CONSTRAINT "PK_RsaKeyPairs" PRIMARY KEY,
    "OwnerId" TEXT NOT NULL,
    "Name" TEXT NOT NULL,
    "KeySize" INTEGER NOT NULL,
    "Algorithm" TEXT NOT NULL,
    "PublicKeyPem" TEXT NOT NULL,
    "PublicKeyFingerprint" TEXT NOT NULL,
    "Status" INTEGER NOT NULL,
    "CreatedAt" TEXT NOT NULL,
    "RevokedAt" TEXT NULL,
    CONSTRAINT "FK_RsaKeyPairs_Users_OwnerId" FOREIGN KEY ("OwnerId") REFERENCES "Users" ("Id") ON DELETE CASCADE
);
2026-09-13 09:34:13.881 +07:00 [INF] Executed DbCommand (0ms) [Parameters=[], CommandType='"Text"', CommandTimeout='30']
CREATE TABLE "EncryptedFiles" (
    "Id" TEXT NOT NULL CONSTRAINT "PK_EncryptedFiles" PRIMARY KEY,
    "OwnerId" TEXT NOT NULL,
    "OriginalName" TEXT NOT NULL,
    "StoragePath" TEXT NOT NULL,
    "FileSizeBytes" INTEGER NOT NULL,
    "MimeType" TEXT NOT NULL,
    "Algorithm" TEXT NOT NULL,
    "EncryptedAesKey" TEXT NOT NULL,
    "Iv" TEXT NOT NULL,
    "AuthTag" TEXT NOT NULL,
    "KeyPairId" TEXT NOT NULL,
    "Status" INTEGER NOT NULL,
    "CreatedAt" TEXT NOT NULL,
    "UpdatedAt" TEXT NOT NULL,
    CONSTRAINT "FK_EncryptedFiles_RsaKeyPairs_KeyPairId" FOREIGN KEY ("KeyPairId") REFERENCES "RsaKeyPairs" ("Id") ON DELETE RESTRICT,
    CONSTRAINT "FK_EncryptedFiles_Users_OwnerId" FOREIGN KEY ("OwnerId") REFERENCES "Users" ("Id") ON DELETE RESTRICT
);
2026-09-13 09:34:13.884 +07:00 [INF] Executed DbCommand (0ms) [Parameters=[], CommandType='"Text"', CommandTimeout='30']
CREATE TABLE "FileShares" (
    "Id" TEXT NOT NULL CONSTRAINT "PK_FileShares" PRIMARY KEY,
    "FileId" TEXT NOT NULL,
    "SharedWithUserId" TEXT NOT NULL,
    "SharedByUserId" TEXT NOT NULL,
    "ReEncryptedAesKey" TEXT NOT NULL,
    "SharedAt" TEXT NOT NULL,
    "ExpiresAt" TEXT NULL,
    CONSTRAINT "FK_FileShares_EncryptedFiles_FileId" FOREIGN KEY ("FileId") REFERENCES "EncryptedFiles" ("Id") ON DELETE CASCADE,
    CONSTRAINT "FK_FileShares_Users_SharedByUserId" FOREIGN KEY ("SharedByUserId") REFERENCES "Users" ("Id") ON DELETE RESTRICT,
    CONSTRAINT "FK_FileShares_Users_SharedWithUserId" FOREIGN KEY ("SharedWithUserId") REFERENCES "Users" ("Id") ON DELETE RESTRICT
);
2026-09-13 09:34:13.886 +07:00 [INF] Executed DbCommand (0ms) [Parameters=[], CommandType='"Text"', CommandTimeout='30']
INSERT INTO "Users" ("Id", "Address", "Avatar", "CreatedAt", "Email", "Group", "Name", "PasswordHash", "Phone", "Role", "Signature", "Title", "UpdatedAt", "Username")
VALUES ('00000000-0000-0000-0000-000000000001', '215 Lạch Tray, Ngô Quyền, Hải Phòng', NULL, '2024-01-01 00:00:00', 'admin@cloudsafe.vn', 'CloudSafe — Nhóm Bảo mật & Hạ tầng', 'Nguyễn Admin', '$2a$11$9c9NJmFcFbMV9R5za7fmXuEIQ2FbV.YxSCF.9bCPfzO4M7PvMmQ2a', '0225-3888888', 'admin', 'Bảo mật dữ liệu là ưu tiên hàng đầu', 'Quản trị viên hệ thống', '2024-01-01 00:00:00', 'admin');
SELECT changes();
2026-09-13 09:34:13.889 +07:00 [INF] Executed DbCommand (0ms) [Parameters=[], CommandType='"Text"', CommandTimeout='30']
CREATE INDEX "IX_EncryptedFiles_KeyPairId" ON "EncryptedFiles" ("KeyPairId");
2026-09-13 09:34:13.892 +07:00 [INF] Executed DbCommand (1ms) [Parameters=[], CommandType='"Text"', CommandTimeout='30']
CREATE INDEX "IX_EncryptedFiles_OwnerId" ON "EncryptedFiles" ("OwnerId");
2026-09-13 09:34:13.895 +07:00 [INF] Executed DbCommand (0ms) [Parameters=[], CommandType='"Text"', CommandTimeout='30']
CREATE INDEX "IX_FileShares_FileId" ON "FileShares" ("FileId");
2026-09-13 09:34:13.898 +07:00 [INF] Executed DbCommand (0ms) [Parameters=[], CommandType='"Text"', CommandTimeout='30']
CREATE INDEX "IX_FileShares_SharedByUserId" ON "FileShares" ("SharedByUserId");
2026-09-13 09:34:13.903 +07:00 [INF] Executed DbCommand (0ms) [Parameters=[], CommandType='"Text"', CommandTimeout='30']
CREATE INDEX "IX_FileShares_SharedWithUserId" ON "FileShares" ("SharedWithUserId");
2026-09-13 09:34:13.906 +07:00 [INF] Executed DbCommand (0ms) [Parameters=[], CommandType='"Text"', CommandTimeout='30']
CREATE INDEX "IX_Notices_UserId" ON "Notices" ("UserId");
2026-09-13 09:34:13.910 +07:00 [INF] Executed DbCommand (0ms) [Parameters=[], CommandType='"Text"', CommandTimeout='30']
CREATE INDEX "IX_RsaKeyPairs_OwnerId" ON "RsaKeyPairs" ("OwnerId");
2026-09-13 09:34:13.914 +07:00 [INF] Executed DbCommand (1ms) [Parameters=[], CommandType='"Text"', CommandTimeout='30']
CREATE UNIQUE INDEX "IX_Users_Email" ON "Users" ("Email");
2026-09-13 09:34:13.922 +07:00 [INF] Executed DbCommand (1ms) [Parameters=[], CommandType='"Text"', CommandTimeout='30']
CREATE UNIQUE INDEX "IX_Users_Username" ON "Users" ("Username");
2026-09-13 09:34:13.925 +07:00 [INF] Executed DbCommand (0ms) [Parameters=[], CommandType='"Text"', CommandTimeout='30']
INSERT INTO "__EFMigrationsHistory" ("MigrationId", "ProductVersion")
VALUES ('20260912172819_Init', '9.0.0');
2026-09-13 09:34:13.935 +07:00 [INF] Executed DbCommand (1ms) [Parameters=[], CommandType='"Text"', CommandTimeout='30']
DELETE FROM "__EFMigrationsLock";
2026-09-13 09:34:13.939 +07:00 [INF] Database migration applied
2026-09-13 09:34:14.071 +07:00 [INF] Acquiring an exclusive lock for migration application. See https://aka.ms/efcore-docs-migrations-lock for more information if this takes too long.
2026-09-13 09:34:14.072 +07:00 [INF] Executed DbCommand (0ms) [Parameters=[], CommandType='"Text"', CommandTimeout='30']
SELECT COUNT(*) FROM "sqlite_master" WHERE "name" = '__EFMigrationsLock' AND "type" = 'table';
2026-09-13 09:34:14.075 +07:00 [INF] Executed DbCommand (1ms) [Parameters=[], CommandType='"Text"', CommandTimeout='30']
INSERT OR IGNORE INTO "__EFMigrationsLock"("Id", "Timestamp") VALUES(1, '2026-09-13 02:34:14.0747094+00:00');
SELECT changes();
2026-09-13 09:34:14.080 +07:00 [INF] Executed DbCommand (0ms) [Parameters=[], CommandType='"Text"', CommandTimeout='30']
CREATE TABLE IF NOT EXISTS "__EFMigrationsHistory" (
    "MigrationId" TEXT NOT NULL CONSTRAINT "PK___EFMigrationsHistory" PRIMARY KEY,
    "ProductVersion" TEXT NOT NULL
);
2026-09-13 09:34:14.085 +07:00 [INF] Executed DbCommand (0ms) [Parameters=[], CommandType='"Text"', CommandTimeout='30']
SELECT COUNT(*) FROM "sqlite_master" WHERE "name" = '__EFMigrationsHistory' AND "type" = 'table';
2026-09-13 09:34:14.089 +07:00 [INF] Executed DbCommand (0ms) [Parameters=[], CommandType='"Text"', CommandTimeout='30']
SELECT "MigrationId", "ProductVersion"
FROM "__EFMigrationsHistory"
ORDER BY "MigrationId";
2026-09-13 09:34:14.096 +07:00 [INF] No migrations were applied. The database is already up to date.
2026-09-13 09:34:14.098 +07:00 [INF] Executed DbCommand (1ms) [Parameters=[], CommandType='"Text"', CommandTimeout='30']
DELETE FROM "__EFMigrationsLock";
2026-09-13 09:34:14.336 +07:00 [INF] Executed DbCommand (0ms) [Parameters=[], CommandType='"Text"', CommandTimeout='30']
SELECT EXISTS (
    SELECT 1
    FROM "Users" AS "u")
2026-09-13 09:34:14.354 +07:00 [INF] User profile is available. Using 'C:\Users\TUNG\AppData\Local\ASP.NET\DataProtection-Keys' as key repository and Windows DPAPI to encrypt keys at rest.
2026-09-13 09:34:14.441 +07:00 [INF] Now listening on: http://localhost:5000
2026-09-13 09:34:14.443 +07:00 [INF] Application started. Press Ctrl+C to shut down.
2026-09-13 09:34:14.445 +07:00 [INF] Hosting environment: Production
2026-09-13 09:34:14.446 +07:00 [INF] Content root path: C:\Users\TUNG\Downloads\cloudsafe-full\CloudSafe.Api
2026-09-13 09:34:59.515 +07:00 [INF] Request starting HTTP/1.1 POST http://localhost:5000/api/login/account - application/json 74
2026-09-13 09:34:59.572 +07:00 [INF] CORS policy execution failed.
2026-09-13 09:34:59.574 +07:00 [INF] Request origin http://localhost:5000 does not have permission to access the resource.
2026-09-13 09:34:59.611 +07:00 [INF] Executing endpoint 'CloudSafe.Api.Controllers.AuthController.Login (CloudSafe.Api)'
2026-09-13 09:34:59.634 +07:00 [INF] Route matched with {action = "Login", controller = "Auth"}. Executing controller action with signature System.Threading.Tasks.Task`1[Microsoft.AspNetCore.Mvc.IActionResult] Login(CloudSafe.Api.DTOs.LoginRequest) on controller CloudSafe.Api.Controllers.AuthController (CloudSafe.Api).
2026-09-13 09:34:59.835 +07:00 [INF] Executed DbCommand (4ms) [Parameters=[@__req_Username_0='?' (Size = 4)], CommandType='"Text"', CommandTimeout='30']
SELECT "u"."Id", "u"."Address", "u"."Avatar", "u"."CreatedAt", "u"."Email", "u"."Group", "u"."Name", "u"."PasswordHash", "u"."Phone", "u"."Role", "u"."Signature", "u"."Title", "u"."UpdatedAt", "u"."Username"
FROM "Users" AS "u"
WHERE "u"."Username" = @__req_Username_0
LIMIT 1
2026-09-13 09:34:59.843 +07:00 [WRN] Đăng nhập thất bại: user
2026-09-13 09:34:59.852 +07:00 [INF] Executing OkObjectResult, writing value of type 'CloudSafe.Api.DTOs.LoginResult'.
2026-09-13 09:34:59.871 +07:00 [INF] Executed action CloudSafe.Api.Controllers.AuthController.Login (CloudSafe.Api) in 227.2683ms
2026-09-13 09:34:59.879 +07:00 [INF] Executed endpoint 'CloudSafe.Api.Controllers.AuthController.Login (CloudSafe.Api)'
2026-09-13 09:34:59.885 +07:00 [INF] HTTP POST /api/login/account responded 200 in 313.2315 ms
2026-09-13 09:34:59.896 +07:00 [INF] Request finished HTTP/1.1 POST http://localhost:5000/api/login/account - 200 null application/json; charset=utf-8 383.3119ms
2026-09-13 09:35:01.409 +07:00 [INF] Request starting HTTP/1.1 POST http://localhost:5000/api/login/account - application/json 74
2026-09-13 09:35:01.416 +07:00 [INF] CORS policy execution failed.
2026-09-13 09:35:01.418 +07:00 [INF] Request origin http://localhost:5000 does not have permission to access the resource.
2026-09-13 09:35:01.423 +07:00 [INF] Executing endpoint 'CloudSafe.Api.Controllers.AuthController.Login (CloudSafe.Api)'
2026-09-13 09:35:01.427 +07:00 [INF] Route matched with {action = "Login", controller = "Auth"}. Executing controller action with signature System.Threading.Tasks.Task`1[Microsoft.AspNetCore.Mvc.IActionResult] Login(CloudSafe.Api.DTOs.LoginRequest) on controller CloudSafe.Api.Controllers.AuthController (CloudSafe.Api).
2026-09-13 09:35:01.466 +07:00 [INF] Executed DbCommand (0ms) [Parameters=[@__req_Username_0='?' (Size = 4)], CommandType='"Text"', CommandTimeout='30']
SELECT "u"."Id", "u"."Address", "u"."Avatar", "u"."CreatedAt", "u"."Email", "u"."Group", "u"."Name", "u"."PasswordHash", "u"."Phone", "u"."Role", "u"."Signature", "u"."Title", "u"."UpdatedAt", "u"."Username"
FROM "Users" AS "u"
WHERE "u"."Username" = @__req_Username_0
LIMIT 1
2026-09-13 09:35:01.471 +07:00 [WRN] Đăng nhập thất bại: user
2026-09-13 09:35:01.474 +07:00 [INF] Executing OkObjectResult, writing value of type 'CloudSafe.Api.DTOs.LoginResult'.
2026-09-13 09:35:01.479 +07:00 [INF] Executed action CloudSafe.Api.Controllers.AuthController.Login (CloudSafe.Api) in 48.6646ms
2026-09-13 09:35:01.482 +07:00 [INF] Executed endpoint 'CloudSafe.Api.Controllers.AuthController.Login (CloudSafe.Api)'
2026-09-13 09:35:01.484 +07:00 [INF] HTTP POST /api/login/account responded 200 in 68.3447 ms
2026-09-13 09:35:01.488 +07:00 [INF] Request finished HTTP/1.1 POST http://localhost:5000/api/login/account - 200 null application/json; charset=utf-8 79.1623ms
2026-09-13 09:36:18.840 +07:00 [INF] Application is shutting down...
2026-09-13 10:02:08.969 +07:00 [ERR] An error occurred using the connection to database 'cloudsafe' on server 'tcp://localhost:5432'.
2026-09-13 10:02:10.810 +07:00 [INF] Executed DbCommand (1,284ms) [Parameters=[], CommandType='"Text"', CommandTimeout='30']
CREATE DATABASE cloudsafe;
2026-09-13 10:02:11.102 +07:00 [INF] Executed DbCommand (53ms) [Parameters=[], CommandType='"Text"', CommandTimeout='30']
CREATE TABLE IF NOT EXISTS "__EFMigrationsHistory" (
    "MigrationId" character varying(150) NOT NULL,
    "ProductVersion" character varying(32) NOT NULL,
    CONSTRAINT "PK___EFMigrationsHistory" PRIMARY KEY ("MigrationId")
);
2026-09-13 10:02:11.114 +07:00 [INF] Acquiring an exclusive lock for migration application. See https://aka.ms/efcore-docs-migrations-lock for more information if this takes too long.
2026-09-13 10:02:11.119 +07:00 [INF] Executed DbCommand (3ms) [Parameters=[], CommandType='"Text"', CommandTimeout='30']
LOCK TABLE "__EFMigrationsHistory" IN ACCESS EXCLUSIVE MODE
2026-09-13 10:02:11.127 +07:00 [INF] Executed DbCommand (4ms) [Parameters=[], CommandType='"Text"', CommandTimeout='30']
SELECT "MigrationId", "ProductVersion"
FROM "__EFMigrationsHistory"
ORDER BY "MigrationId";
2026-09-13 10:02:11.147 +07:00 [INF] Applying migration '20260913030159_Init'.
2026-09-13 10:02:11.226 +07:00 [INF] Executed DbCommand (6ms) [Parameters=[], CommandType='"Text"', CommandTimeout='30']
CREATE TABLE "Users" (
    "Id" uuid NOT NULL,
    "Username" character varying(64) NOT NULL,
    "PasswordHash" text NOT NULL,
    "Email" character varying(256) NOT NULL,
    "Name" character varying(128) NOT NULL,
    "Avatar" text,
    "Phone" text,
    "Title" text,
    "Signature" text,
    "Group" text,
    "Address" text,
    "Role" character varying(32) NOT NULL,
    "CreatedAt" timestamp with time zone NOT NULL,
    "UpdatedAt" timestamp with time zone NOT NULL,
    CONSTRAINT "PK_Users" PRIMARY KEY ("Id")
);
2026-09-13 10:02:11.240 +07:00 [INF] Executed DbCommand (11ms) [Parameters=[], CommandType='"Text"', CommandTimeout='30']
CREATE TABLE "Notices" (
    "Id" uuid NOT NULL,
    "UserId" uuid NOT NULL,
    "Title" character varying(256) NOT NULL,
    "Description" text,
    "Extra" text,
    "Avatar" text,
    "Type" integer NOT NULL,
    "Status" integer NOT NULL,
    "CreatedAt" timestamp with time zone NOT NULL,
    CONSTRAINT "PK_Notices" PRIMARY KEY ("Id"),
    CONSTRAINT "FK_Notices_Users_UserId" FOREIGN KEY ("UserId") REFERENCES "Users" ("Id") ON DELETE CASCADE
);
2026-09-13 10:02:11.251 +07:00 [INF] Executed DbCommand (7ms) [Parameters=[], CommandType='"Text"', CommandTimeout='30']
CREATE TABLE "RsaKeyPairs" (
    "Id" uuid NOT NULL,
    "OwnerId" uuid NOT NULL,
    "Name" character varying(128) NOT NULL,
    "KeySize" integer NOT NULL,
    "Algorithm" character varying(32) NOT NULL,
    "PublicKeyPem" text NOT NULL,
    "PublicKeyFingerprint" character varying(128) NOT NULL,
    "Status" integer NOT NULL,
    "CreatedAt" timestamp with time zone NOT NULL,
    "RevokedAt" timestamp with time zone,
    CONSTRAINT "PK_RsaKeyPairs" PRIMARY KEY ("Id"),
    CONSTRAINT "FK_RsaKeyPairs_Users_OwnerId" FOREIGN KEY ("OwnerId") REFERENCES "Users" ("Id") ON DELETE CASCADE
);
2026-09-13 10:02:11.263 +07:00 [INF] Executed DbCommand (8ms) [Parameters=[], CommandType='"Text"', CommandTimeout='30']
CREATE TABLE "EncryptedFiles" (
    "Id" uuid NOT NULL,
    "OwnerId" uuid NOT NULL,
    "OriginalName" character varying(512) NOT NULL,
    "StoragePath" text NOT NULL,
    "FileSizeBytes" bigint NOT NULL,
    "MimeType" character varying(128) NOT NULL,
    "Algorithm" character varying(32) NOT NULL,
    "EncryptedAesKey" text NOT NULL,
    "Iv" text NOT NULL,
    "AuthTag" text NOT NULL,
    "KeyPairId" uuid NOT NULL,
    "Status" integer NOT NULL,
    "CreatedAt" timestamp with time zone NOT NULL,
    "UpdatedAt" timestamp with time zone NOT NULL,
    CONSTRAINT "PK_EncryptedFiles" PRIMARY KEY ("Id"),
    CONSTRAINT "FK_EncryptedFiles_RsaKeyPairs_KeyPairId" FOREIGN KEY ("KeyPairId") REFERENCES "RsaKeyPairs" ("Id") ON DELETE RESTRICT,
    CONSTRAINT "FK_EncryptedFiles_Users_OwnerId" FOREIGN KEY ("OwnerId") REFERENCES "Users" ("Id") ON DELETE RESTRICT
);
2026-09-13 10:02:11.278 +07:00 [INF] Executed DbCommand (11ms) [Parameters=[], CommandType='"Text"', CommandTimeout='30']
CREATE TABLE "FileShares" (
    "Id" uuid NOT NULL,
    "FileId" uuid NOT NULL,
    "SharedWithUserId" uuid NOT NULL,
    "SharedByUserId" uuid NOT NULL,
    "ReEncryptedAesKey" text NOT NULL,
    "SharedAt" timestamp with time zone NOT NULL,
    "ExpiresAt" timestamp with time zone,
    CONSTRAINT "PK_FileShares" PRIMARY KEY ("Id"),
    CONSTRAINT "FK_FileShares_EncryptedFiles_FileId" FOREIGN KEY ("FileId") REFERENCES "EncryptedFiles" ("Id") ON DELETE CASCADE,
    CONSTRAINT "FK_FileShares_Users_SharedByUserId" FOREIGN KEY ("SharedByUserId") REFERENCES "Users" ("Id") ON DELETE RESTRICT,
    CONSTRAINT "FK_FileShares_Users_SharedWithUserId" FOREIGN KEY ("SharedWithUserId") REFERENCES "Users" ("Id") ON DELETE RESTRICT
);
2026-09-13 10:02:11.286 +07:00 [INF] Executed DbCommand (3ms) [Parameters=[], CommandType='"Text"', CommandTimeout='30']
INSERT INTO "Users" ("Id", "Address", "Avatar", "CreatedAt", "Email", "Group", "Name", "PasswordHash", "Phone", "Role", "Signature", "Title", "UpdatedAt", "Username")
VALUES ('00000000-0000-0000-0000-000000000001', '215 Lạch Tray, Ngô Quyền, Hải Phòng', NULL, TIMESTAMPTZ '2024-01-01T00:00:00Z', 'admin@cloudsafe.vn', 'CloudSafe — Nhóm Bảo mật & Hạ tầng', 'Nguyễn Admin', '$2a$11$9c9NJmFcFbMV9R5za7fmXuEIQ2FbV.YxSCF.9bCPfzO4M7PvMmQ2a', '0225-3888888', 'admin', 'Bảo mật dữ liệu là ưu tiên hàng đầu', 'Quản trị viên hệ thống', TIMESTAMPTZ '2024-01-01T00:00:00Z', 'admin');
2026-09-13 10:02:11.293 +07:00 [INF] Executed DbCommand (3ms) [Parameters=[], CommandType='"Text"', CommandTimeout='30']
CREATE INDEX "IX_EncryptedFiles_KeyPairId" ON "EncryptedFiles" ("KeyPairId");
2026-09-13 10:02:11.299 +07:00 [INF] Executed DbCommand (3ms) [Parameters=[], CommandType='"Text"', CommandTimeout='30']
CREATE INDEX "IX_EncryptedFiles_OwnerId" ON "EncryptedFiles" ("OwnerId");
2026-09-13 10:02:11.306 +07:00 [INF] Executed DbCommand (3ms) [Parameters=[], CommandType='"Text"', CommandTimeout='30']
CREATE INDEX "IX_FileShares_FileId" ON "FileShares" ("FileId");
2026-09-13 10:02:11.312 +07:00 [INF] Executed DbCommand (2ms) [Parameters=[], CommandType='"Text"', CommandTimeout='30']
CREATE INDEX "IX_FileShares_SharedByUserId" ON "FileShares" ("SharedByUserId");
2026-09-13 10:02:11.318 +07:00 [INF] Executed DbCommand (3ms) [Parameters=[], CommandType='"Text"', CommandTimeout='30']
CREATE INDEX "IX_FileShares_SharedWithUserId" ON "FileShares" ("SharedWithUserId");
2026-09-13 10:02:11.323 +07:00 [INF] Executed DbCommand (2ms) [Parameters=[], CommandType='"Text"', CommandTimeout='30']
CREATE INDEX "IX_Notices_UserId" ON "Notices" ("UserId");
2026-09-13 10:02:11.330 +07:00 [INF] Executed DbCommand (3ms) [Parameters=[], CommandType='"Text"', CommandTimeout='30']
CREATE INDEX "IX_RsaKeyPairs_OwnerId" ON "RsaKeyPairs" ("OwnerId");
2026-09-13 10:02:11.338 +07:00 [INF] Executed DbCommand (4ms) [Parameters=[], CommandType='"Text"', CommandTimeout='30']
CREATE UNIQUE INDEX "IX_Users_Email" ON "Users" ("Email");
2026-09-13 10:02:11.348 +07:00 [INF] Executed DbCommand (5ms) [Parameters=[], CommandType='"Text"', CommandTimeout='30']
CREATE UNIQUE INDEX "IX_Users_Username" ON "Users" ("Username");
2026-09-13 10:02:11.353 +07:00 [INF] Executed DbCommand (1ms) [Parameters=[], CommandType='"Text"', CommandTimeout='30']
INSERT INTO "__EFMigrationsHistory" ("MigrationId", "ProductVersion")
VALUES ('20260913030159_Init', '9.0.4');
2026-09-13 10:53:38.139 +07:00 [INF] Executed DbCommand (18ms) [Parameters=[], CommandType='"Text"', CommandTimeout='30']
SELECT "MigrationId", "ProductVersion"
FROM "__EFMigrationsHistory"
ORDER BY "MigrationId";
2026-09-13 10:53:38.620 +07:00 [INF] Executed DbCommand (65ms) [Parameters=[], CommandType='"Text"', CommandTimeout='30']
CREATE TABLE IF NOT EXISTS "__EFMigrationsHistory" (
    "MigrationId" character varying(150) NOT NULL,
    "ProductVersion" character varying(32) NOT NULL,
    CONSTRAINT "PK___EFMigrationsHistory" PRIMARY KEY ("MigrationId")
);
2026-09-13 10:53:38.764 +07:00 [INF] Acquiring an exclusive lock for migration application. See https://aka.ms/efcore-docs-migrations-lock for more information if this takes too long.
2026-09-13 10:53:38.793 +07:00 [INF] Executed DbCommand (9ms) [Parameters=[], CommandType='"Text"', CommandTimeout='30']
LOCK TABLE "__EFMigrationsHistory" IN ACCESS EXCLUSIVE MODE
2026-09-13 10:53:38.828 +07:00 [INF] Executed DbCommand (8ms) [Parameters=[], CommandType='"Text"', CommandTimeout='30']
SELECT "MigrationId", "ProductVersion"
FROM "__EFMigrationsHistory"
ORDER BY "MigrationId";
2026-09-13 10:53:38.910 +07:00 [INF] No migrations were applied. The database is already up to date.
2026-09-13 10:53:39.009 +07:00 [INF] Database migration applied
2026-09-13 10:53:40.535 +07:00 [INF] Executed DbCommand (1ms) [Parameters=[], CommandType='"Text"', CommandTimeout='30']
SELECT "MigrationId", "ProductVersion"
FROM "__EFMigrationsHistory"
ORDER BY "MigrationId";
2026-09-13 10:53:40.741 +07:00 [INF] Executed DbCommand (1ms) [Parameters=[], CommandType='"Text"', CommandTimeout='30']
CREATE TABLE IF NOT EXISTS "__EFMigrationsHistory" (
    "MigrationId" character varying(150) NOT NULL,
    "ProductVersion" character varying(32) NOT NULL,
    CONSTRAINT "PK___EFMigrationsHistory" PRIMARY KEY ("MigrationId")
);
2026-09-13 10:53:40.744 +07:00 [INF] Acquiring an exclusive lock for migration application. See https://aka.ms/efcore-docs-migrations-lock for more information if this takes too long.
2026-09-13 10:53:40.746 +07:00 [INF] Executed DbCommand (0ms) [Parameters=[], CommandType='"Text"', CommandTimeout='30']
LOCK TABLE "__EFMigrationsHistory" IN ACCESS EXCLUSIVE MODE
2026-09-13 10:53:40.750 +07:00 [INF] Executed DbCommand (1ms) [Parameters=[], CommandType='"Text"', CommandTimeout='30']
SELECT "MigrationId", "ProductVersion"
FROM "__EFMigrationsHistory"
ORDER BY "MigrationId";
2026-09-13 10:53:40.753 +07:00 [INF] No migrations were applied. The database is already up to date.
2026-09-13 10:53:41.955 +07:00 [INF] Executed DbCommand (46ms) [Parameters=[], CommandType='"Text"', CommandTimeout='30']
SELECT EXISTS (
    SELECT 1
    FROM "Users" AS u)
2026-09-13 10:53:42.249 +07:00 [INF] User profile is available. Using 'C:\Users\TUNG\AppData\Local\ASP.NET\DataProtection-Keys' as key repository and Windows DPAPI to encrypt keys at rest.
2026-09-13 10:53:45.049 +07:00 [INF] Now listening on: http://localhost:5000
2026-09-13 10:53:45.085 +07:00 [INF] Application started. Press Ctrl+C to shut down.
2026-09-13 10:53:45.091 +07:00 [INF] Hosting environment: Production
2026-09-13 10:53:45.093 +07:00 [INF] Content root path: C:\Users\TUNG\Downloads\cloudsafe-full\CloudSafe.Api
2026-09-13 10:54:22.805 +07:00 [INF] Request starting HTTP/1.1 POST http://localhost:5000/api/login/account - application/json 77
2026-09-13 10:54:22.856 +07:00 [INF] CORS policy execution failed.
2026-09-13 10:54:22.859 +07:00 [INF] Request origin http://localhost:5000 does not have permission to access the resource.
2026-09-13 10:54:23.301 +07:00 [INF] Executing endpoint 'CloudSafe.Api.Controllers.AuthController.Login (CloudSafe.Api)'
2026-09-13 10:54:23.611 +07:00 [INF] Route matched with {action = "Login", controller = "Auth"}. Executing controller action with signature System.Threading.Tasks.Task`1[Microsoft.AspNetCore.Mvc.IActionResult] Login(CloudSafe.Api.DTOs.LoginRequest) on controller CloudSafe.Api.Controllers.AuthController (CloudSafe.Api).
2026-09-13 10:54:26.788 +07:00 [INF] Executed DbCommand (317ms) [Parameters=[@__req_Username_0='?'], CommandType='"Text"', CommandTimeout='30']
SELECT u."Id", u."Address", u."Avatar", u."CreatedAt", u."Email", u."Group", u."Name", u."PasswordHash", u."Phone", u."Role", u."Signature", u."Title", u."UpdatedAt", u."Username"
FROM "Users" AS u
WHERE u."Username" = @__req_Username_0
LIMIT 1
2026-09-13 10:54:27.475 +07:00 [WRN] Đăng nhập thất bại: admin
2026-09-13 10:54:27.486 +07:00 [INF] Executing OkObjectResult, writing value of type 'CloudSafe.Api.DTOs.LoginResult'.
2026-09-13 10:54:27.506 +07:00 [INF] Executed action CloudSafe.Api.Controllers.AuthController.Login (CloudSafe.Api) in 3843.1805ms
2026-09-13 10:54:27.514 +07:00 [INF] Executed endpoint 'CloudSafe.Api.Controllers.AuthController.Login (CloudSafe.Api)'
2026-09-13 10:54:27.521 +07:00 [INF] HTTP POST /api/login/account responded 200 in 4665.0333 ms
2026-09-13 10:54:27.653 +07:00 [INF] Request finished HTTP/1.1 POST http://localhost:5000/api/login/account - 200 null application/json; charset=utf-8 4869.8089ms
2026-09-13 10:55:48.669 +07:00 [INF] Application is shutting down...
2026-09-13 10:56:21.566 +07:00 [INF] Executed DbCommand (19ms) [Parameters=[], CommandType='"Text"', CommandTimeout='30']
SELECT "MigrationId", "ProductVersion"
FROM "__EFMigrationsHistory"
ORDER BY "MigrationId";
2026-09-13 10:56:21.899 +07:00 [INF] Executed DbCommand (4ms) [Parameters=[], CommandType='"Text"', CommandTimeout='30']
CREATE TABLE IF NOT EXISTS "__EFMigrationsHistory" (
    "MigrationId" character varying(150) NOT NULL,
    "ProductVersion" character varying(32) NOT NULL,
    CONSTRAINT "PK___EFMigrationsHistory" PRIMARY KEY ("MigrationId")
);
2026-09-13 10:56:21.910 +07:00 [INF] Acquiring an exclusive lock for migration application. See https://aka.ms/efcore-docs-migrations-lock for more information if this takes too long.
2026-09-13 10:56:21.912 +07:00 [INF] Executed DbCommand (1ms) [Parameters=[], CommandType='"Text"', CommandTimeout='30']
LOCK TABLE "__EFMigrationsHistory" IN ACCESS EXCLUSIVE MODE
2026-09-13 10:56:21.917 +07:00 [INF] Executed DbCommand (1ms) [Parameters=[], CommandType='"Text"', CommandTimeout='30']
SELECT "MigrationId", "ProductVersion"
FROM "__EFMigrationsHistory"
ORDER BY "MigrationId";
2026-09-13 10:56:21.925 +07:00 [INF] No migrations were applied. The database is already up to date.
2026-09-13 10:56:21.933 +07:00 [INF] Database migration applied
2026-09-13 10:56:22.041 +07:00 [INF] Executed DbCommand (1ms) [Parameters=[], CommandType='"Text"', CommandTimeout='30']
SELECT "MigrationId", "ProductVersion"
FROM "__EFMigrationsHistory"
ORDER BY "MigrationId";
2026-09-13 10:56:22.131 +07:00 [INF] Executed DbCommand (1ms) [Parameters=[], CommandType='"Text"', CommandTimeout='30']
CREATE TABLE IF NOT EXISTS "__EFMigrationsHistory" (
    "MigrationId" character varying(150) NOT NULL,
    "ProductVersion" character varying(32) NOT NULL,
    CONSTRAINT "PK___EFMigrationsHistory" PRIMARY KEY ("MigrationId")
);
2026-09-13 10:56:22.136 +07:00 [INF] Acquiring an exclusive lock for migration application. See https://aka.ms/efcore-docs-migrations-lock for more information if this takes too long.
2026-09-13 10:56:22.138 +07:00 [INF] Executed DbCommand (1ms) [Parameters=[], CommandType='"Text"', CommandTimeout='30']
LOCK TABLE "__EFMigrationsHistory" IN ACCESS EXCLUSIVE MODE
2026-09-13 10:56:22.142 +07:00 [INF] Executed DbCommand (1ms) [Parameters=[], CommandType='"Text"', CommandTimeout='30']
SELECT "MigrationId", "ProductVersion"
FROM "__EFMigrationsHistory"
ORDER BY "MigrationId";
2026-09-13 10:56:22.145 +07:00 [INF] No migrations were applied. The database is already up to date.
2026-09-13 10:56:22.321 +07:00 [INF] Executed DbCommand (4ms) [Parameters=[], CommandType='"Text"', CommandTimeout='30']
SELECT EXISTS (
    SELECT 1
    FROM "Users" AS u)
2026-09-13 10:56:22.346 +07:00 [INF] User profile is available. Using 'C:\Users\TUNG\AppData\Local\ASP.NET\DataProtection-Keys' as key repository and Windows DPAPI to encrypt keys at rest.
2026-09-13 10:56:22.426 +07:00 [INF] Now listening on: http://localhost:5000
2026-09-13 10:56:22.430 +07:00 [INF] Application started. Press Ctrl+C to shut down.
2026-09-13 10:56:22.431 +07:00 [INF] Hosting environment: Production
2026-09-13 10:56:22.433 +07:00 [INF] Content root path: C:\Users\TUNG\Downloads\cloudsafe-full\CloudSafe.Api
2026-09-13 11:00:01.876 +07:00 [INF] Request starting HTTP/1.1 POST http://localhost:5000/api/login/account - application/json 76
2026-09-13 11:00:02.010 +07:00 [INF] CORS policy execution failed.
2026-09-13 11:00:02.012 +07:00 [INF] Request origin http://localhost:5000 does not have permission to access the resource.
2026-09-13 11:00:02.045 +07:00 [INF] Executing endpoint 'CloudSafe.Api.Controllers.AuthController.Login (CloudSafe.Api)'
2026-09-13 11:00:02.161 +07:00 [INF] Route matched with {action = "Login", controller = "Auth"}. Executing controller action with signature System.Threading.Tasks.Task`1[Microsoft.AspNetCore.Mvc.IActionResult] Login(CloudSafe.Api.DTOs.LoginRequest) on controller CloudSafe.Api.Controllers.AuthController (CloudSafe.Api).
2026-09-13 11:00:02.722 +07:00 [INF] Executed DbCommand (25ms) [Parameters=[@__req_Username_0='?'], CommandType='"Text"', CommandTimeout='30']
SELECT u."Id", u."Address", u."Avatar", u."CreatedAt", u."Email", u."Group", u."Name", u."PasswordHash", u."Phone", u."Role", u."Signature", u."Title", u."UpdatedAt", u."Username"
FROM "Users" AS u
WHERE u."Username" = @__req_Username_0
LIMIT 1
2026-09-13 11:00:04.136 +07:00 [WRN] Đăng nhập thất bại: admin
2026-09-13 11:00:04.145 +07:00 [INF] Executing OkObjectResult, writing value of type 'CloudSafe.Api.DTOs.LoginResult'.
2026-09-13 11:00:04.159 +07:00 [INF] Executed action CloudSafe.Api.Controllers.AuthController.Login (CloudSafe.Api) in 1989.6533ms
2026-09-13 11:00:04.237 +07:00 [INF] Executed endpoint 'CloudSafe.Api.Controllers.AuthController.Login (CloudSafe.Api)'
2026-09-13 11:00:04.274 +07:00 [INF] HTTP POST /api/login/account responded 200 in 2264.3744 ms
2026-09-13 11:00:04.287 +07:00 [INF] Request finished HTTP/1.1 POST http://localhost:5000/api/login/account - 200 null application/json; charset=utf-8 2412.4536ms
2026-09-13 11:01:45.895 +07:00 [INF] Application is shutting down...
2026-09-13 11:02:01.587 +07:00 [INF] Executed DbCommand (23ms) [Parameters=[], CommandType='"Text"', CommandTimeout='30']
SELECT "MigrationId", "ProductVersion"
FROM "__EFMigrationsHistory"
ORDER BY "MigrationId";
2026-09-13 11:02:01.974 +07:00 [INF] Executed DbCommand (4ms) [Parameters=[], CommandType='"Text"', CommandTimeout='30']
CREATE TABLE IF NOT EXISTS "__EFMigrationsHistory" (
    "MigrationId" character varying(150) NOT NULL,
    "ProductVersion" character varying(32) NOT NULL,
    CONSTRAINT "PK___EFMigrationsHistory" PRIMARY KEY ("MigrationId")
);
2026-09-13 11:02:01.984 +07:00 [INF] Acquiring an exclusive lock for migration application. See https://aka.ms/efcore-docs-migrations-lock for more information if this takes too long.
2026-09-13 11:02:01.987 +07:00 [INF] Executed DbCommand (1ms) [Parameters=[], CommandType='"Text"', CommandTimeout='30']
LOCK TABLE "__EFMigrationsHistory" IN ACCESS EXCLUSIVE MODE
2026-09-13 11:02:01.991 +07:00 [INF] Executed DbCommand (1ms) [Parameters=[], CommandType='"Text"', CommandTimeout='30']
SELECT "MigrationId", "ProductVersion"
FROM "__EFMigrationsHistory"
ORDER BY "MigrationId";
2026-09-13 11:02:02.000 +07:00 [INF] No migrations were applied. The database is already up to date.
2026-09-13 11:02:02.011 +07:00 [INF] Database migration applied
2026-09-13 11:02:02.120 +07:00 [INF] Executed DbCommand (1ms) [Parameters=[], CommandType='"Text"', CommandTimeout='30']
SELECT "MigrationId", "ProductVersion"
FROM "__EFMigrationsHistory"
ORDER BY "MigrationId";
2026-09-13 11:02:02.237 +07:00 [INF] Executed DbCommand (1ms) [Parameters=[], CommandType='"Text"', CommandTimeout='30']
CREATE TABLE IF NOT EXISTS "__EFMigrationsHistory" (
    "MigrationId" character varying(150) NOT NULL,
    "ProductVersion" character varying(32) NOT NULL,
    CONSTRAINT "PK___EFMigrationsHistory" PRIMARY KEY ("MigrationId")
);
2026-09-13 11:02:02.240 +07:00 [INF] Acquiring an exclusive lock for migration application. See https://aka.ms/efcore-docs-migrations-lock for more information if this takes too long.
2026-09-13 11:02:02.242 +07:00 [INF] Executed DbCommand (1ms) [Parameters=[], CommandType='"Text"', CommandTimeout='30']
LOCK TABLE "__EFMigrationsHistory" IN ACCESS EXCLUSIVE MODE
2026-09-13 11:02:02.246 +07:00 [INF] Executed DbCommand (1ms) [Parameters=[], CommandType='"Text"', CommandTimeout='30']
SELECT "MigrationId", "ProductVersion"
FROM "__EFMigrationsHistory"
ORDER BY "MigrationId";
2026-09-13 11:02:02.249 +07:00 [INF] No migrations were applied. The database is already up to date.
2026-09-13 11:02:02.427 +07:00 [INF] Executed DbCommand (5ms) [Parameters=[], CommandType='"Text"', CommandTimeout='30']
SELECT EXISTS (
    SELECT 1
    FROM "Users" AS u)
2026-09-13 11:02:02.450 +07:00 [INF] User profile is available. Using 'C:\Users\TUNG\AppData\Local\ASP.NET\DataProtection-Keys' as key repository and Windows DPAPI to encrypt keys at rest.
2026-09-13 11:02:02.548 +07:00 [INF] Now listening on: http://localhost:5000
2026-09-13 11:02:02.551 +07:00 [INF] Application started. Press Ctrl+C to shut down.
2026-09-13 11:02:02.553 +07:00 [INF] Hosting environment: Production
2026-09-13 11:02:02.555 +07:00 [INF] Content root path: C:\Users\TUNG\Downloads\cloudsafe-full\CloudSafe.Api
2026-09-13 11:02:14.010 +07:00 [INF] Request starting HTTP/1.1 POST http://localhost:5000/api/login/account - application/json 76
2026-09-13 11:02:14.050 +07:00 [INF] CORS policy execution failed.
2026-09-13 11:02:14.053 +07:00 [INF] Request origin http://localhost:5000 does not have permission to access the resource.
2026-09-13 11:02:14.092 +07:00 [INF] Executing endpoint 'CloudSafe.Api.Controllers.AuthController.Login (CloudSafe.Api)'
2026-09-13 11:02:14.114 +07:00 [INF] Route matched with {action = "Login", controller = "Auth"}. Executing controller action with signature System.Threading.Tasks.Task`1[Microsoft.AspNetCore.Mvc.IActionResult] Login(CloudSafe.Api.DTOs.LoginRequest) on controller CloudSafe.Api.Controllers.AuthController (CloudSafe.Api).
2026-09-13 11:02:14.310 +07:00 [INF] Executed DbCommand (13ms) [Parameters=[@__req_Username_0='?'], CommandType='"Text"', CommandTimeout='30']
SELECT u."Id", u."Address", u."Avatar", u."CreatedAt", u."Email", u."Group", u."Name", u."PasswordHash", u."Phone", u."Role", u."Signature", u."Title", u."UpdatedAt", u."Username"
FROM "Users" AS u
WHERE u."Username" = @__req_Username_0
LIMIT 1
2026-09-13 11:02:14.709 +07:00 [WRN] Đăng nhập thất bại: admin
2026-09-13 11:02:14.719 +07:00 [INF] Executing OkObjectResult, writing value of type 'CloudSafe.Api.DTOs.LoginResult'.
2026-09-13 11:02:14.739 +07:00 [INF] Executed action CloudSafe.Api.Controllers.AuthController.Login (CloudSafe.Api) in 615.4422ms
2026-09-13 11:02:14.749 +07:00 [INF] Executed endpoint 'CloudSafe.Api.Controllers.AuthController.Login (CloudSafe.Api)'
2026-09-13 11:02:14.755 +07:00 [INF] HTTP POST /api/login/account responded 200 in 705.5699 ms
2026-09-13 11:02:14.770 +07:00 [INF] Request finished HTTP/1.1 POST http://localhost:5000/api/login/account - 200 null application/json; charset=utf-8 761.2635ms
2026-09-13 11:02:20.311 +07:00 [INF] Request starting HTTP/1.1 POST http://localhost:5000/api/login/account - application/json 78
2026-09-13 11:02:20.319 +07:00 [INF] CORS policy execution failed.
2026-09-13 11:02:20.321 +07:00 [INF] Request origin http://localhost:5000 does not have permission to access the resource.
2026-09-13 11:02:20.326 +07:00 [INF] Executing endpoint 'CloudSafe.Api.Controllers.AuthController.Login (CloudSafe.Api)'
2026-09-13 11:02:20.329 +07:00 [INF] Route matched with {action = "Login", controller = "Auth"}. Executing controller action with signature System.Threading.Tasks.Task`1[Microsoft.AspNetCore.Mvc.IActionResult] Login(CloudSafe.Api.DTOs.LoginRequest) on controller CloudSafe.Api.Controllers.AuthController (CloudSafe.Api).
2026-09-13 11:02:20.366 +07:00 [INF] Executed DbCommand (3ms) [Parameters=[@__req_Username_0='?'], CommandType='"Text"', CommandTimeout='30']
SELECT u."Id", u."Address", u."Avatar", u."CreatedAt", u."Email", u."Group", u."Name", u."PasswordHash", u."Phone", u."Role", u."Signature", u."Title", u."UpdatedAt", u."Username"
FROM "Users" AS u
WHERE u."Username" = @__req_Username_0
LIMIT 1
2026-09-13 11:02:20.775 +07:00 [WRN] Đăng nhập thất bại: admin
2026-09-13 11:02:20.778 +07:00 [INF] Executing OkObjectResult, writing value of type 'CloudSafe.Api.DTOs.LoginResult'.
2026-09-13 11:02:20.782 +07:00 [INF] Executed action CloudSafe.Api.Controllers.AuthController.Login (CloudSafe.Api) in 450.0288ms
2026-09-13 11:02:20.786 +07:00 [INF] Executed endpoint 'CloudSafe.Api.Controllers.AuthController.Login (CloudSafe.Api)'
2026-09-13 11:02:20.787 +07:00 [INF] HTTP POST /api/login/account responded 200 in 468.4630 ms
2026-09-13 11:02:20.792 +07:00 [INF] Request finished HTTP/1.1 POST http://localhost:5000/api/login/account - 200 null application/json; charset=utf-8 480.3464ms
2026-09-13 11:02:42.187 +07:00 [INF] Application is shutting down...
2026-09-13 11:02:59.484 +07:00 [INF] Executed DbCommand (21ms) [Parameters=[], CommandType='"Text"', CommandTimeout='30']
SELECT "MigrationId", "ProductVersion"
FROM "__EFMigrationsHistory"
ORDER BY "MigrationId";
2026-09-13 11:02:59.966 +07:00 [INF] Executed DbCommand (7ms) [Parameters=[], CommandType='"Text"', CommandTimeout='30']
CREATE TABLE IF NOT EXISTS "__EFMigrationsHistory" (
    "MigrationId" character varying(150) NOT NULL,
    "ProductVersion" character varying(32) NOT NULL,
    CONSTRAINT "PK___EFMigrationsHistory" PRIMARY KEY ("MigrationId")
);
2026-09-13 11:02:59.981 +07:00 [INF] Acquiring an exclusive lock for migration application. See https://aka.ms/efcore-docs-migrations-lock for more information if this takes too long.
2026-09-13 11:02:59.983 +07:00 [INF] Executed DbCommand (1ms) [Parameters=[], CommandType='"Text"', CommandTimeout='30']
LOCK TABLE "__EFMigrationsHistory" IN ACCESS EXCLUSIVE MODE
2026-09-13 11:02:59.988 +07:00 [INF] Executed DbCommand (1ms) [Parameters=[], CommandType='"Text"', CommandTimeout='30']
SELECT "MigrationId", "ProductVersion"
FROM "__EFMigrationsHistory"
ORDER BY "MigrationId";
2026-09-13 11:02:59.997 +07:00 [INF] No migrations were applied. The database is already up to date.
2026-09-13 11:03:00.009 +07:00 [INF] Database migration applied
2026-09-13 11:03:00.145 +07:00 [INF] Executed DbCommand (1ms) [Parameters=[], CommandType='"Text"', CommandTimeout='30']
SELECT "MigrationId", "ProductVersion"
FROM "__EFMigrationsHistory"
ORDER BY "MigrationId";
2026-09-13 11:03:00.250 +07:00 [INF] Executed DbCommand (1ms) [Parameters=[], CommandType='"Text"', CommandTimeout='30']
CREATE TABLE IF NOT EXISTS "__EFMigrationsHistory" (
    "MigrationId" character varying(150) NOT NULL,
    "ProductVersion" character varying(32) NOT NULL,
    CONSTRAINT "PK___EFMigrationsHistory" PRIMARY KEY ("MigrationId")
);
2026-09-13 11:03:00.254 +07:00 [INF] Acquiring an exclusive lock for migration application. See https://aka.ms/efcore-docs-migrations-lock for more information if this takes too long.
2026-09-13 11:03:00.256 +07:00 [INF] Executed DbCommand (1ms) [Parameters=[], CommandType='"Text"', CommandTimeout='30']
LOCK TABLE "__EFMigrationsHistory" IN ACCESS EXCLUSIVE MODE
2026-09-13 11:03:00.261 +07:00 [INF] Executed DbCommand (1ms) [Parameters=[], CommandType='"Text"', CommandTimeout='30']
SELECT "MigrationId", "ProductVersion"
FROM "__EFMigrationsHistory"
ORDER BY "MigrationId";
2026-09-13 11:03:00.265 +07:00 [INF] No migrations were applied. The database is already up to date.
2026-09-13 11:03:00.504 +07:00 [INF] Executed DbCommand (3ms) [Parameters=[], CommandType='"Text"', CommandTimeout='30']
SELECT EXISTS (
    SELECT 1
    FROM "Users" AS u)
2026-09-13 11:03:00.530 +07:00 [INF] User profile is available. Using 'C:\Users\TUNG\AppData\Local\ASP.NET\DataProtection-Keys' as key repository and Windows DPAPI to encrypt keys at rest.
2026-09-13 11:03:00.644 +07:00 [INF] Now listening on: http://localhost:5000
2026-09-13 11:03:00.648 +07:00 [INF] Application started. Press Ctrl+C to shut down.
2026-09-13 11:03:00.649 +07:00 [INF] Hosting environment: Production
2026-09-13 11:03:00.651 +07:00 [INF] Content root path: C:\Users\TUNG\Downloads\cloudsafe-full\CloudSafe.Api
2026-09-13 11:03:04.113 +07:00 [INF] Application is shutting down...
2026-09-13 12:13:46.696 +07:00 [INF] Executed DbCommand (23ms) [Parameters=[], CommandType='"Text"', CommandTimeout='30']
SELECT "MigrationId", "ProductVersion"
FROM "__EFMigrationsHistory"
ORDER BY "MigrationId";
2026-09-13 12:13:49.085 +07:00 [INF] Executed DbCommand (6ms) [Parameters=[], CommandType='"Text"', CommandTimeout='30']
CREATE TABLE IF NOT EXISTS "__EFMigrationsHistory" (
    "MigrationId" character varying(150) NOT NULL,
    "ProductVersion" character varying(32) NOT NULL,
    CONSTRAINT "PK___EFMigrationsHistory" PRIMARY KEY ("MigrationId")
);
2026-09-13 12:13:49.098 +07:00 [INF] Acquiring an exclusive lock for migration application. See https://aka.ms/efcore-docs-migrations-lock for more information if this takes too long.
2026-09-13 12:13:49.101 +07:00 [INF] Executed DbCommand (1ms) [Parameters=[], CommandType='"Text"', CommandTimeout='30']
LOCK TABLE "__EFMigrationsHistory" IN ACCESS EXCLUSIVE MODE
2026-09-13 12:13:49.106 +07:00 [INF] Executed DbCommand (1ms) [Parameters=[], CommandType='"Text"', CommandTimeout='30']
SELECT "MigrationId", "ProductVersion"
FROM "__EFMigrationsHistory"
ORDER BY "MigrationId";
2026-09-13 12:13:49.113 +07:00 [INF] No migrations were applied. The database is already up to date.
2026-09-13 12:13:49.122 +07:00 [INF] Database migration applied
2026-09-13 12:13:49.275 +07:00 [INF] Executed DbCommand (1ms) [Parameters=[], CommandType='"Text"', CommandTimeout='30']
SELECT "MigrationId", "ProductVersion"
FROM "__EFMigrationsHistory"
ORDER BY "MigrationId";
2026-09-13 12:13:49.375 +07:00 [INF] Executed DbCommand (1ms) [Parameters=[], CommandType='"Text"', CommandTimeout='30']
CREATE TABLE IF NOT EXISTS "__EFMigrationsHistory" (
    "MigrationId" character varying(150) NOT NULL,
    "ProductVersion" character varying(32) NOT NULL,
    CONSTRAINT "PK___EFMigrationsHistory" PRIMARY KEY ("MigrationId")
);
2026-09-13 12:13:49.379 +07:00 [INF] Acquiring an exclusive lock for migration application. See https://aka.ms/efcore-docs-migrations-lock for more information if this takes too long.
2026-09-13 12:13:49.381 +07:00 [INF] Executed DbCommand (1ms) [Parameters=[], CommandType='"Text"', CommandTimeout='30']
LOCK TABLE "__EFMigrationsHistory" IN ACCESS EXCLUSIVE MODE
2026-09-13 12:13:49.385 +07:00 [INF] Executed DbCommand (1ms) [Parameters=[], CommandType='"Text"', CommandTimeout='30']
SELECT "MigrationId", "ProductVersion"
FROM "__EFMigrationsHistory"
ORDER BY "MigrationId";
2026-09-13 12:13:49.388 +07:00 [INF] No migrations were applied. The database is already up to date.
2026-09-13 12:13:49.632 +07:00 [INF] Executed DbCommand (13ms) [Parameters=[], CommandType='"Text"', CommandTimeout='30']
SELECT EXISTS (
    SELECT 1
    FROM "Users" AS u)
2026-09-13 12:13:54.622 +07:00 [INF] Executed DbCommand (22ms) [Parameters=[@p0='?' (DbType = Guid), @p1='?', @p2='?', @p3='?' (DbType = DateTime), @p4='?', @p5='?', @p6='?', @p7='?', @p8='?', @p9='?', @p10='?', @p11='?', @p12='?' (DbType = DateTime), @p13='?', @p14='?' (DbType = Guid), @p15='?', @p16='?', @p17='?' (DbType = DateTime), @p18='?', @p19='?', @p20='?', @p21='?', @p22='?', @p23='?', @p24='?', @p25='?', @p26='?' (DbType = DateTime), @p27='?'], CommandType='"Text"', CommandTimeout='30']
INSERT INTO "Users" ("Id", "Address", "Avatar", "CreatedAt", "Email", "Group", "Name", "PasswordHash", "Phone", "Role", "Signature", "Title", "UpdatedAt", "Username")
VALUES (@p0, @p1, @p2, @p3, @p4, @p5, @p6, @p7, @p8, @p9, @p10, @p11, @p12, @p13);
INSERT INTO "Users" ("Id", "Address", "Avatar", "CreatedAt", "Email", "Group", "Name", "PasswordHash", "Phone", "Role", "Signature", "Title", "UpdatedAt", "Username")
VALUES (@p14, @p15, @p16, @p17, @p18, @p19, @p20, @p21, @p22, @p23, @p24, @p25, @p26, @p27);
2026-09-13 12:13:54.637 +07:00 [INF] Seeded 2 accounts: admin/admin123, user/user123
2026-09-13 12:13:54.667 +07:00 [INF] User profile is available. Using 'C:\Users\TUNG\AppData\Local\ASP.NET\DataProtection-Keys' as key repository and Windows DPAPI to encrypt keys at rest.
2026-09-13 12:13:54.840 +07:00 [INF] Now listening on: http://localhost:5000
2026-09-13 12:13:54.844 +07:00 [INF] Application started. Press Ctrl+C to shut down.
2026-09-13 12:13:54.845 +07:00 [INF] Hosting environment: Production
2026-09-13 12:13:54.846 +07:00 [INF] Content root path: C:\Users\TUNG\Downloads\cloudsafe-full\CloudSafe.Api
2026-09-13 12:16:07.703 +07:00 [INF] Request starting HTTP/1.1 GET http://localhost:5000/api/currentUser - null null
2026-09-13 12:16:07.838 +07:00 [INF] Authorization failed. These requirements were not met:
DenyAnonymousAuthorizationRequirement: Requires an authenticated user.
2026-09-13 12:16:07.843 +07:00 [INF] AuthenticationScheme: Bearer was challenged.
2026-09-13 12:16:07.849 +07:00 [INF] HTTP GET /api/currentUser responded 401 in 70.2249 ms
2026-09-13 12:16:07.863 +07:00 [INF] Request finished HTTP/1.1 GET http://localhost:5000/api/currentUser - 401 0 null 163.1157ms
2026-09-13 12:16:13.817 +07:00 [INF] Request starting HTTP/1.1 POST http://localhost:5000/api/login/account - application/json 76
2026-09-13 12:16:13.826 +07:00 [INF] CORS policy execution failed.
2026-09-13 12:16:13.828 +07:00 [INF] Request origin http://localhost:5000 does not have permission to access the resource.
2026-09-13 12:16:13.837 +07:00 [INF] Executing endpoint 'CloudSafe.Api.Controllers.AuthController.Login (CloudSafe.Api)'
2026-09-13 12:16:13.868 +07:00 [INF] Route matched with {action = "Login", controller = "Auth"}. Executing controller action with signature System.Threading.Tasks.Task`1[Microsoft.AspNetCore.Mvc.IActionResult] Login(CloudSafe.Api.DTOs.LoginRequest) on controller CloudSafe.Api.Controllers.AuthController (CloudSafe.Api).
2026-09-13 12:16:14.085 +07:00 [INF] Executed DbCommand (17ms) [Parameters=[@__req_Username_0='?'], CommandType='"Text"', CommandTimeout='30']
SELECT u."Id", u."Address", u."Avatar", u."CreatedAt", u."Email", u."Group", u."Name", u."PasswordHash", u."Phone", u."Role", u."Signature", u."Title", u."UpdatedAt", u."Username"
FROM "Users" AS u
WHERE u."Username" = @__req_Username_0
LIMIT 1
2026-09-13 12:16:14.550 +07:00 [INF] Đăng nhập thành công: admin
2026-09-13 12:16:14.561 +07:00 [INF] Executing OkObjectResult, writing value of type '<>f__AnonymousType0`4[[System.String, System.Private.CoreLib, Version=9.0.0.0, Culture=neutral, PublicKeyToken=7cec85d7bea7798e],[System.String, System.Private.CoreLib, Version=9.0.0.0, Culture=neutral, PublicKeyToken=7cec85d7bea7798e],[System.String, System.Private.CoreLib, Version=9.0.0.0, Culture=neutral, PublicKeyToken=7cec85d7bea7798e],[System.String, System.Private.CoreLib, Version=9.0.0.0, Culture=neutral, PublicKeyToken=7cec85d7bea7798e]]'.
2026-09-13 12:16:14.575 +07:00 [INF] Executed action CloudSafe.Api.Controllers.AuthController.Login (CloudSafe.Api) in 697.9984ms
2026-09-13 12:16:14.578 +07:00 [INF] Executed endpoint 'CloudSafe.Api.Controllers.AuthController.Login (CloudSafe.Api)'
2026-09-13 12:16:14.581 +07:00 [INF] HTTP POST /api/login/account responded 200 in 756.3193 ms
2026-09-13 12:16:14.592 +07:00 [INF] Request finished HTTP/1.1 POST http://localhost:5000/api/login/account - 200 null application/json; charset=utf-8 775.342ms
2026-09-13 12:16:14.602 +07:00 [INF] Request starting HTTP/1.1 GET http://localhost:5000/api/currentUser - null null
2026-09-13 12:16:14.660 +07:00 [INF] Executing endpoint 'CloudSafe.Api.Controllers.UserController.GetCurrentUser (CloudSafe.Api)'
2026-09-13 12:16:14.667 +07:00 [INF] Route matched with {action = "GetCurrentUser", controller = "User"}. Executing controller action with signature System.Threading.Tasks.Task`1[Microsoft.AspNetCore.Mvc.IActionResult] GetCurrentUser() on controller CloudSafe.Api.Controllers.UserController (CloudSafe.Api).
2026-09-13 12:16:14.703 +07:00 [INF] Executed DbCommand (2ms) [Parameters=[@__CurrentUserId_0='?' (DbType = Guid)], CommandType='"Text"', CommandTimeout='30']
SELECT u."Id", u."Address", u."Avatar", u."CreatedAt", u."Email", u."Group", u."Name", u."PasswordHash", u."Phone", u."Role", u."Signature", u."Title", u."UpdatedAt", u."Username"
FROM "Users" AS u
WHERE u."Id" = @__CurrentUserId_0
LIMIT 1
2026-09-13 12:16:14.748 +07:00 [INF] Executed DbCommand (4ms) [Parameters=[@__CurrentUserId_0='?' (DbType = Guid)], CommandType='"Text"', CommandTimeout='30']
SELECT count(*)::int
FROM "Notices" AS n
WHERE n."UserId" = @__CurrentUserId_0 AND n."Status" = 0
2026-09-13 12:16:14.758 +07:00 [INF] Executing OkObjectResult, writing value of type '<>f__AnonymousType7`1[[CloudSafe.Api.DTOs.CurrentUserDto, CloudSafe.Api, Version=1.0.0.0, Culture=neutral, PublicKeyToken=null]]'.
2026-09-13 12:16:14.770 +07:00 [INF] Executed action CloudSafe.Api.Controllers.UserController.GetCurrentUser (CloudSafe.Api) in 99.9244ms
2026-09-13 12:16:14.771 +07:00 [INF] Executed endpoint 'CloudSafe.Api.Controllers.UserController.GetCurrentUser (CloudSafe.Api)'
2026-09-13 12:16:14.774 +07:00 [INF] HTTP GET /api/currentUser responded 200 in 166.5518 ms
2026-09-13 12:16:14.778 +07:00 [INF] Request finished HTTP/1.1 GET http://localhost:5000/api/currentUser - 200 null application/json; charset=utf-8 175.2008ms
2026-09-13 12:16:15.300 +07:00 [INF] Request starting HTTP/1.1 GET http://localhost:5000/api/currentUser - null null
2026-09-13 12:16:15.310 +07:00 [INF] Executing endpoint 'CloudSafe.Api.Controllers.UserController.GetCurrentUser (CloudSafe.Api)'
2026-09-13 12:16:15.313 +07:00 [INF] Route matched with {action = "GetCurrentUser", controller = "User"}. Executing controller action with signature System.Threading.Tasks.Task`1[Microsoft.AspNetCore.Mvc.IActionResult] GetCurrentUser() on controller CloudSafe.Api.Controllers.UserController (CloudSafe.Api).
2026-09-13 12:16:15.324 +07:00 [INF] Executed DbCommand (1ms) [Parameters=[@__CurrentUserId_0='?' (DbType = Guid)], CommandType='"Text"', CommandTimeout='30']
SELECT u."Id", u."Address", u."Avatar", u."CreatedAt", u."Email", u."Group", u."Name", u."PasswordHash", u."Phone", u."Role", u."Signature", u."Title", u."UpdatedAt", u."Username"
FROM "Users" AS u
WHERE u."Id" = @__CurrentUserId_0
LIMIT 1
2026-09-13 12:16:15.333 +07:00 [INF] Executed DbCommand (1ms) [Parameters=[@__CurrentUserId_0='?' (DbType = Guid)], CommandType='"Text"', CommandTimeout='30']
SELECT count(*)::int
FROM "Notices" AS n
WHERE n."UserId" = @__CurrentUserId_0 AND n."Status" = 0
2026-09-13 12:16:15.342 +07:00 [INF] Executing OkObjectResult, writing value of type '<>f__AnonymousType7`1[[CloudSafe.Api.DTOs.CurrentUserDto, CloudSafe.Api, Version=1.0.0.0, Culture=neutral, PublicKeyToken=null]]'.
2026-09-13 12:16:15.345 +07:00 [INF] Executed action CloudSafe.Api.Controllers.UserController.GetCurrentUser (CloudSafe.Api) in 29.2346ms
2026-09-13 12:16:15.347 +07:00 [INF] Executed endpoint 'CloudSafe.Api.Controllers.UserController.GetCurrentUser (CloudSafe.Api)'
2026-09-13 12:16:15.349 +07:00 [INF] HTTP GET /api/currentUser responded 200 in 44.5279 ms
2026-09-13 12:16:15.352 +07:00 [INF] Request finished HTTP/1.1 GET http://localhost:5000/api/currentUser - 200 null application/json; charset=utf-8 52.1143ms
2026-09-13 12:16:31.569 +07:00 [INF] Request starting HTTP/1.1 GET http://localhost:5000/api/fake_analysis_chart_data - null null
2026-09-13 12:16:31.573 +07:00 [INF] HTTP GET /api/fake_analysis_chart_data responded 404 in 0.6217 ms
2026-09-13 12:16:31.575 +07:00 [INF] Request finished HTTP/1.1 GET http://localhost:5000/api/fake_analysis_chart_data - 404 0 null 6.5732ms
2026-09-13 12:16:31.580 +07:00 [INF] Request reached the end of the middleware pipeline without being handled by application code. Request path: GET http://localhost:5000/api/fake_analysis_chart_data, Response status code: 404
2026-09-13 12:16:32.603 +07:00 [INF] Request starting HTTP/1.1 GET http://localhost:5000/api/fake_analysis_chart_data - null null
2026-09-13 12:16:32.608 +07:00 [INF] HTTP GET /api/fake_analysis_chart_data responded 404 in 1.1182 ms
2026-09-13 12:16:32.612 +07:00 [INF] Request finished HTTP/1.1 GET http://localhost:5000/api/fake_analysis_chart_data - 404 0 null 8.876ms
2026-09-13 12:16:32.619 +07:00 [INF] Request reached the end of the middleware pipeline without being handled by application code. Request path: GET http://localhost:5000/api/fake_analysis_chart_data, Response status code: 404
2026-09-13 12:16:33.460 +07:00 [INF] Request starting HTTP/1.1 GET http://localhost:5000/api/tags - null null
2026-09-13 12:16:33.464 +07:00 [INF] HTTP GET /api/tags responded 404 in 0.5304 ms
2026-09-13 12:16:33.466 +07:00 [INF] Request finished HTTP/1.1 GET http://localhost:5000/api/tags - 404 0 null 6.9531ms
2026-09-13 12:16:33.471 +07:00 [INF] Request reached the end of the middleware pipeline without being handled by application code. Request path: GET http://localhost:5000/api/tags, Response status code: 404
2026-09-13 12:16:34.642 +07:00 [INF] Request starting HTTP/1.1 GET http://localhost:5000/api/tags - null null
2026-09-13 12:16:34.646 +07:00 [INF] HTTP GET /api/tags responded 404 in 0.6475 ms
2026-09-13 12:16:34.650 +07:00 [INF] Request finished HTTP/1.1 GET http://localhost:5000/api/tags - 404 0 null 7.0698ms
2026-09-13 12:16:34.655 +07:00 [INF] Request reached the end of the middleware pipeline without being handled by application code. Request path: GET http://localhost:5000/api/tags, Response status code: 404
2026-09-13 12:16:36.692 +07:00 [INF] Request starting HTTP/1.1 GET http://localhost:5000/api/tags - null null
2026-09-13 12:16:36.697 +07:00 [INF] HTTP GET /api/tags responded 404 in 0.7284 ms
2026-09-13 12:16:36.700 +07:00 [INF] Request finished HTTP/1.1 GET http://localhost:5000/api/tags - 404 0 null 8.8099ms
2026-09-13 12:16:36.705 +07:00 [INF] Request reached the end of the middleware pipeline without being handled by application code. Request path: GET http://localhost:5000/api/tags, Response status code: 404
2026-09-13 12:16:40.755 +07:00 [INF] Request starting HTTP/1.1 GET http://localhost:5000/api/tags - null null
2026-09-13 12:16:40.760 +07:00 [INF] HTTP GET /api/tags responded 404 in 0.6336 ms
2026-09-13 12:16:40.763 +07:00 [INF] Request finished HTTP/1.1 GET http://localhost:5000/api/tags - 404 0 null 7.5875ms
2026-09-13 12:16:40.767 +07:00 [INF] Request reached the end of the middleware pipeline without being handled by application code. Request path: GET http://localhost:5000/api/tags, Response status code: 404
2026-09-13 12:16:45.471 +07:00 [INF] Request starting HTTP/1.1 GET http://localhost:5000/api/project/notice - null null
2026-09-13 12:16:45.471 +07:00 [INF] Request starting HTTP/1.1 GET http://localhost:5000/api/activities - null null
2026-09-13 12:16:45.472 +07:00 [INF] Request starting HTTP/1.1 GET http://localhost:5000/api/fake_workplace_chart_data - null null
2026-09-13 12:16:45.476 +07:00 [INF] HTTP GET /api/project/notice responded 404 in 0.4099 ms
2026-09-13 12:16:45.480 +07:00 [INF] HTTP GET /api/activities responded 404 in 0.4623 ms
2026-09-13 12:16:45.483 +07:00 [INF] HTTP GET /api/fake_workplace_chart_data responded 404 in 0.5751 ms
2026-09-13 12:16:45.485 +07:00 [INF] Request finished HTTP/1.1 GET http://localhost:5000/api/project/notice - 404 0 null 14.0725ms
2026-09-13 12:16:45.488 +07:00 [INF] Request finished HTTP/1.1 GET http://localhost:5000/api/activities - 404 0 null 16.7583ms
2026-09-13 12:16:45.491 +07:00 [INF] Request finished HTTP/1.1 GET http://localhost:5000/api/fake_workplace_chart_data - 404 0 null 18.3079ms
2026-09-13 12:16:45.494 +07:00 [INF] Request reached the end of the middleware pipeline without being handled by application code. Request path: GET http://localhost:5000/api/project/notice, Response status code: 404
2026-09-13 12:16:45.499 +07:00 [INF] Request reached the end of the middleware pipeline without being handled by application code. Request path: GET http://localhost:5000/api/activities, Response status code: 404
2026-09-13 12:16:45.503 +07:00 [INF] Request reached the end of the middleware pipeline without being handled by application code. Request path: GET http://localhost:5000/api/fake_workplace_chart_data, Response status code: 404
2026-09-13 12:16:46.524 +07:00 [INF] Request starting HTTP/1.1 GET http://localhost:5000/api/project/notice - null null
2026-09-13 12:16:46.524 +07:00 [INF] Request starting HTTP/1.1 GET http://localhost:5000/api/activities - null null
2026-09-13 12:16:46.524 +07:00 [INF] Request starting HTTP/1.1 GET http://localhost:5000/api/fake_workplace_chart_data - null null
2026-09-13 12:16:46.528 +07:00 [INF] HTTP GET /api/project/notice responded 404 in 0.7760 ms
2026-09-13 12:16:46.532 +07:00 [INF] HTTP GET /api/activities responded 404 in 0.6005 ms
2026-09-13 12:16:46.536 +07:00 [INF] HTTP GET /api/fake_workplace_chart_data responded 404 in 0.8700 ms
2026-09-13 12:16:46.538 +07:00 [INF] Request finished HTTP/1.1 GET http://localhost:5000/api/project/notice - 404 0 null 14.0898ms
2026-09-13 12:16:46.541 +07:00 [INF] Request finished HTTP/1.1 GET http://localhost:5000/api/activities - 404 0 null 16.4869ms
2026-09-13 12:16:46.543 +07:00 [INF] Request finished HTTP/1.1 GET http://localhost:5000/api/fake_workplace_chart_data - 404 0 null 19.1652ms
2026-09-13 12:16:46.547 +07:00 [INF] Request reached the end of the middleware pipeline without being handled by application code. Request path: GET http://localhost:5000/api/project/notice, Response status code: 404
2026-09-13 12:16:46.552 +07:00 [INF] Request reached the end of the middleware pipeline without being handled by application code. Request path: GET http://localhost:5000/api/activities, Response status code: 404
2026-09-13 12:16:46.557 +07:00 [INF] Request reached the end of the middleware pipeline without being handled by application code. Request path: GET http://localhost:5000/api/fake_workplace_chart_data, Response status code: 404
2026-09-13 12:17:13.498 +07:00 [INF] Request starting HTTP/1.1 GET http://localhost:5000/api/currentUser - null null
2026-09-13 12:17:13.505 +07:00 [INF] Executing endpoint 'CloudSafe.Api.Controllers.UserController.GetCurrentUser (CloudSafe.Api)'
2026-09-13 12:17:13.507 +07:00 [INF] Route matched with {action = "GetCurrentUser", controller = "User"}. Executing controller action with signature System.Threading.Tasks.Task`1[Microsoft.AspNetCore.Mvc.IActionResult] GetCurrentUser() on controller CloudSafe.Api.Controllers.UserController (CloudSafe.Api).
2026-09-13 12:17:13.514 +07:00 [INF] Executed DbCommand (1ms) [Parameters=[@__CurrentUserId_0='?' (DbType = Guid)], CommandType='"Text"', CommandTimeout='30']
SELECT u."Id", u."Address", u."Avatar", u."CreatedAt", u."Email", u."Group", u."Name", u."PasswordHash", u."Phone", u."Role", u."Signature", u."Title", u."UpdatedAt", u."Username"
FROM "Users" AS u
WHERE u."Id" = @__CurrentUserId_0
LIMIT 1
2026-09-13 12:17:13.519 +07:00 [INF] Executed DbCommand (1ms) [Parameters=[@__CurrentUserId_0='?' (DbType = Guid)], CommandType='"Text"', CommandTimeout='30']
SELECT count(*)::int
FROM "Notices" AS n
WHERE n."UserId" = @__CurrentUserId_0 AND n."Status" = 0
2026-09-13 12:17:13.523 +07:00 [INF] Executing OkObjectResult, writing value of type '<>f__AnonymousType7`1[[CloudSafe.Api.DTOs.CurrentUserDto, CloudSafe.Api, Version=1.0.0.0, Culture=neutral, PublicKeyToken=null]]'.
2026-09-13 12:17:13.524 +07:00 [INF] Executed action CloudSafe.Api.Controllers.UserController.GetCurrentUser (CloudSafe.Api) in 14.2553ms
2026-09-13 12:17:13.527 +07:00 [INF] Executed endpoint 'CloudSafe.Api.Controllers.UserController.GetCurrentUser (CloudSafe.Api)'
2026-09-13 12:17:13.529 +07:00 [INF] HTTP GET /api/currentUser responded 200 in 25.8090 ms
2026-09-13 12:17:13.532 +07:00 [INF] Request finished HTTP/1.1 GET http://localhost:5000/api/currentUser - 200 null application/json; charset=utf-8 33.7548ms
2026-09-13 12:17:37.297 +07:00 [INF] Request starting HTTP/1.1 GET http://localhost:5000/api/rule?current=1&pageSize=20 - null null
2026-09-13 12:17:37.302 +07:00 [INF] Executing endpoint 'CloudSafe.Api.Controllers.RuleController.List (CloudSafe.Api)'
2026-09-13 12:17:37.311 +07:00 [INF] Route matched with {action = "List", controller = "Rule"}. Executing controller action with signature System.Threading.Tasks.Task`1[Microsoft.AspNetCore.Mvc.IActionResult] List(Int32, Int32, System.String) on controller CloudSafe.Api.Controllers.RuleController (CloudSafe.Api).
2026-09-13 12:17:37.340 +07:00 [INF] Executed DbCommand (4ms) [Parameters=[@__CurrentUserId_0='?' (DbType = Guid)], CommandType='"Text"', CommandTimeout='30']
SELECT count(*)::int
FROM "EncryptedFiles" AS e
WHERE e."OwnerId" = @__CurrentUserId_0 AND e."Status" <> 2
2026-09-13 12:17:37.465 +07:00 [INF] Executed DbCommand (4ms) [Parameters=[@__CurrentUserId_0='?' (DbType = Guid), @__p_2='?' (DbType = Int32), @__p_1='?' (DbType = Int32)], CommandType='"Text"', CommandTimeout='30']
SELECT e0."Id", e0."Algorithm", e0."AuthTag", e0."CreatedAt", e0."EncryptedAesKey", e0."FileSizeBytes", e0."Iv", e0."KeyPairId", e0."MimeType", e0."OriginalName", e0."OwnerId", e0."Status", e0."StoragePath", e0."UpdatedAt", u."Id", u."Address", u."Avatar", u."CreatedAt", u."Email", u."Group", u."Name", u."PasswordHash", u."Phone", u."Role", u."Signature", u."Title", u."UpdatedAt", u."Username"
FROM (
    SELECT e."Id", e."Algorithm", e."AuthTag", e."CreatedAt", e."EncryptedAesKey", e."FileSizeBytes", e."Iv", e."KeyPairId", e."MimeType", e."OriginalName", e."OwnerId", e."Status", e."StoragePath", e."UpdatedAt"
    FROM "EncryptedFiles" AS e
    WHERE e."OwnerId" = @__CurrentUserId_0 AND e."Status" <> 2
    ORDER BY e."CreatedAt" DESC
    LIMIT @__p_2 OFFSET @__p_1
) AS e0
INNER JOIN "Users" AS u ON e0."OwnerId" = u."Id"
ORDER BY e0."CreatedAt" DESC
2026-09-13 12:17:37.473 +07:00 [INF] Executing OkObjectResult, writing value of type 'CloudSafe.Api.DTOs.TableListResult'.
2026-09-13 12:17:37.488 +07:00 [INF] Executed action CloudSafe.Api.Controllers.RuleController.List (CloudSafe.Api) in 175.1567ms
2026-09-13 12:17:37.491 +07:00 [INF] Executed endpoint 'CloudSafe.Api.Controllers.RuleController.List (CloudSafe.Api)'
2026-09-13 12:17:37.492 +07:00 [INF] HTTP GET /api/rule responded 200 in 191.1340 ms
2026-09-13 12:17:37.496 +07:00 [INF] Request finished HTTP/1.1 GET http://localhost:5000/api/rule?current=1&pageSize=20 - 200 null application/json; charset=utf-8 199.3455ms
2026-09-13 12:17:40.172 +07:00 [INF] Request starting HTTP/1.1 GET http://localhost:5000/api/fake_list_Detail?count=30 - null null
2026-09-13 12:17:40.176 +07:00 [INF] Request starting HTTP/1.1 GET http://localhost:5000/api/currentUserDetail - null null
2026-09-13 12:17:40.191 +07:00 [INF] HTTP GET /api/fake_list_Detail responded 404 in 0.7989 ms
2026-09-13 12:17:40.197 +07:00 [INF] Request finished HTTP/1.1 GET http://localhost:5000/api/fake_list_Detail?count=30 - 404 0 null 25.3212ms
2026-09-13 12:17:40.198 +07:00 [INF] HTTP GET /api/currentUserDetail responded 404 in 2.4807 ms
2026-09-13 12:17:40.205 +07:00 [INF] Request reached the end of the middleware pipeline without being handled by application code. Request path: GET http://localhost:5000/api/fake_list_Detail, Response status code: 404
2026-09-13 12:17:40.208 +07:00 [INF] Request finished HTTP/1.1 GET http://localhost:5000/api/currentUserDetail - 404 0 null 31.9609ms
2026-09-13 12:17:40.222 +07:00 [INF] Request reached the end of the middleware pipeline without being handled by application code. Request path: GET http://localhost:5000/api/currentUserDetail, Response status code: 404
2026-09-13 12:17:41.239 +07:00 [INF] Request starting HTTP/1.1 GET http://localhost:5000/api/accountSettingCurrentUser - null null
2026-09-13 12:17:41.247 +07:00 [INF] HTTP GET /api/accountSettingCurrentUser responded 404 in 0.6517 ms
2026-09-13 12:17:41.251 +07:00 [INF] Request finished HTTP/1.1 GET http://localhost:5000/api/accountSettingCurrentUser - 404 0 null 11.3271ms
2026-09-13 12:17:41.256 +07:00 [INF] Request reached the end of the middleware pipeline without being handled by application code. Request path: GET http://localhost:5000/api/accountSettingCurrentUser, Response status code: 404
2026-09-13 13:43:11.273 +07:00 [INF] Request starting HTTP/1.1 GET http://localhost:5000/api/currentUser - null null
2026-09-13 13:43:11.277 +07:00 [INF] Executing endpoint 'CloudSafe.Api.Controllers.UserController.GetCurrentUser (CloudSafe.Api)'
2026-09-13 13:43:11.278 +07:00 [INF] Route matched with {action = "GetCurrentUser", controller = "User"}. Executing controller action with signature System.Threading.Tasks.Task`1[Microsoft.AspNetCore.Mvc.IActionResult] GetCurrentUser() on controller CloudSafe.Api.Controllers.UserController (CloudSafe.Api).
2026-09-13 13:43:11.389 +07:00 [INF] Executed DbCommand (4ms) [Parameters=[@__CurrentUserId_0='?' (DbType = Guid)], CommandType='"Text"', CommandTimeout='30']
SELECT u."Id", u."Address", u."Avatar", u."CreatedAt", u."Email", u."Group", u."Name", u."PasswordHash", u."Phone", u."Role", u."Signature", u."Title", u."UpdatedAt", u."Username"
FROM "Users" AS u
WHERE u."Id" = @__CurrentUserId_0
LIMIT 1
2026-09-13 13:43:11.395 +07:00 [INF] Executed DbCommand (3ms) [Parameters=[@__CurrentUserId_0='?' (DbType = Guid)], CommandType='"Text"', CommandTimeout='30']
SELECT count(*)::int
FROM "Notices" AS n
WHERE n."UserId" = @__CurrentUserId_0 AND n."Status" = 0
2026-09-13 13:43:11.397 +07:00 [INF] Executing OkObjectResult, writing value of type '<>f__AnonymousType7`1[[CloudSafe.Api.DTOs.CurrentUserDto, CloudSafe.Api, Version=1.0.0.0, Culture=neutral, PublicKeyToken=null]]'.
2026-09-13 13:43:11.399 +07:00 [INF] Executed action CloudSafe.Api.Controllers.UserController.GetCurrentUser (CloudSafe.Api) in 116.6487ms
2026-09-13 13:43:11.400 +07:00 [INF] Executed endpoint 'CloudSafe.Api.Controllers.UserController.GetCurrentUser (CloudSafe.Api)'
2026-09-13 13:43:11.401 +07:00 [INF] HTTP GET /api/currentUser responded 200 in 125.2172 ms
2026-09-13 13:43:11.403 +07:00 [INF] Request finished HTTP/1.1 GET http://localhost:5000/api/currentUser - 200 null application/json; charset=utf-8 129.6244ms
2026-09-13 13:43:13.590 +07:00 [INF] Request starting HTTP/1.1 GET http://localhost:5000/api/accountSettingCurrentUser - null null
2026-09-13 13:43:13.593 +07:00 [INF] HTTP GET /api/accountSettingCurrentUser responded 404 in 0.7733 ms
2026-09-13 13:43:13.595 +07:00 [INF] Request finished HTTP/1.1 GET http://localhost:5000/api/accountSettingCurrentUser - 404 0 null 4.4542ms
2026-09-13 13:43:13.598 +07:00 [INF] Request reached the end of the middleware pipeline without being handled by application code. Request path: GET http://localhost:5000/api/accountSettingCurrentUser, Response status code: 404
2026-09-13 13:43:15.821 +07:00 [INF] Request starting HTTP/1.1 GET http://localhost:5000/api/geographic/province - null null
2026-09-13 13:43:15.824 +07:00 [INF] HTTP GET /api/geographic/province responded 404 in 0.2985 ms
2026-09-13 13:43:15.825 +07:00 [INF] Request finished HTTP/1.1 GET http://localhost:5000/api/geographic/province - 404 0 null 3.7912ms
2026-09-13 13:43:15.828 +07:00 [INF] Request reached the end of the middleware pipeline without being handled by application code. Request path: GET http://localhost:5000/api/geographic/province, Response status code: 404
2026-09-13 13:46:47.785 +07:00 [INF] Request starting HTTP/1.1 GET http://localhost:5000/api/accountSettingCurrentUser - null null
2026-09-13 13:46:47.789 +07:00 [INF] HTTP GET /api/accountSettingCurrentUser responded 404 in 0.7474 ms
2026-09-13 13:46:47.791 +07:00 [INF] Request finished HTTP/1.1 GET http://localhost:5000/api/accountSettingCurrentUser - 404 0 null 5.6249ms
2026-09-13 13:46:47.794 +07:00 [INF] Request reached the end of the middleware pipeline without being handled by application code. Request path: GET http://localhost:5000/api/accountSettingCurrentUser, Response status code: 404
2026-09-13 13:46:48.510 +07:00 [INF] Request starting HTTP/1.1 GET http://localhost:5000/api/currentUser - null null
2026-09-13 13:46:48.514 +07:00 [INF] Executing endpoint 'CloudSafe.Api.Controllers.UserController.GetCurrentUser (CloudSafe.Api)'
2026-09-13 13:46:48.516 +07:00 [INF] Route matched with {action = "GetCurrentUser", controller = "User"}. Executing controller action with signature System.Threading.Tasks.Task`1[Microsoft.AspNetCore.Mvc.IActionResult] GetCurrentUser() on controller CloudSafe.Api.Controllers.UserController (CloudSafe.Api).
2026-09-13 13:46:48.524 +07:00 [INF] Executed DbCommand (2ms) [Parameters=[@__CurrentUserId_0='?' (DbType = Guid)], CommandType='"Text"', CommandTimeout='30']
SELECT u."Id", u."Address", u."Avatar", u."CreatedAt", u."Email", u."Group", u."Name", u."PasswordHash", u."Phone", u."Role", u."Signature", u."Title", u."UpdatedAt", u."Username"
FROM "Users" AS u
WHERE u."Id" = @__CurrentUserId_0
LIMIT 1
2026-09-13 13:46:48.530 +07:00 [INF] Executed DbCommand (1ms) [Parameters=[@__CurrentUserId_0='?' (DbType = Guid)], CommandType='"Text"', CommandTimeout='30']
SELECT count(*)::int
FROM "Notices" AS n
WHERE n."UserId" = @__CurrentUserId_0 AND n."Status" = 0
2026-09-13 13:46:48.533 +07:00 [INF] Executing OkObjectResult, writing value of type '<>f__AnonymousType7`1[[CloudSafe.Api.DTOs.CurrentUserDto, CloudSafe.Api, Version=1.0.0.0, Culture=neutral, PublicKeyToken=null]]'.
2026-09-13 13:46:48.536 +07:00 [INF] Executed action CloudSafe.Api.Controllers.UserController.GetCurrentUser (CloudSafe.Api) in 16.097ms
2026-09-13 13:46:48.538 +07:00 [INF] Executed endpoint 'CloudSafe.Api.Controllers.UserController.GetCurrentUser (CloudSafe.Api)'
2026-09-13 13:46:48.541 +07:00 [INF] HTTP GET /api/currentUser responded 200 in 27.3215 ms
2026-09-13 13:46:48.544 +07:00 [INF] Request finished HTTP/1.1 GET http://localhost:5000/api/currentUser - 200 null application/json; charset=utf-8 33.4655ms
2026-09-13 13:46:48.987 +07:00 [INF] Request starting HTTP/1.1 GET http://localhost:5000/api/accountSettingCurrentUser - null null
2026-09-13 13:46:48.990 +07:00 [INF] HTTP GET /api/accountSettingCurrentUser responded 404 in 0.2807 ms
2026-09-13 13:46:48.992 +07:00 [INF] Request finished HTTP/1.1 GET http://localhost:5000/api/accountSettingCurrentUser - 404 0 null 5.2996ms
2026-09-13 13:46:48.995 +07:00 [INF] Request reached the end of the middleware pipeline without being handled by application code. Request path: GET http://localhost:5000/api/accountSettingCurrentUser, Response status code: 404
2026-09-13 13:46:50.013 +07:00 [INF] Request starting HTTP/1.1 GET http://localhost:5000/api/accountSettingCurrentUser - null null
2026-09-13 13:46:50.017 +07:00 [INF] HTTP GET /api/accountSettingCurrentUser responded 404 in 0.5575 ms
2026-09-13 13:46:50.021 +07:00 [INF] Request finished HTTP/1.1 GET http://localhost:5000/api/accountSettingCurrentUser - 404 0 null 7.8693ms
2026-09-13 13:46:50.025 +07:00 [INF] Request reached the end of the middleware pipeline without being handled by application code. Request path: GET http://localhost:5000/api/accountSettingCurrentUser, Response status code: 404
2026-09-13 13:46:51.617 +07:00 [INF] Request starting HTTP/1.1 GET http://localhost:5000/api/keys - null null
2026-09-13 13:46:51.620 +07:00 [INF] Executing endpoint 'CloudSafe.Api.Controllers.KeysController.List (CloudSafe.Api)'
2026-09-13 13:46:51.625 +07:00 [INF] Route matched with {action = "List", controller = "Keys"}. Executing controller action with signature System.Threading.Tasks.Task`1[Microsoft.AspNetCore.Mvc.IActionResult] List() on controller CloudSafe.Api.Controllers.KeysController (CloudSafe.Api).
2026-09-13 13:46:51.642 +07:00 [INF] Executed DbCommand (3ms) [Parameters=[@__CurrentUserId_0='?' (DbType = Guid)], CommandType='"Text"', CommandTimeout='30']
SELECT r."Id", r."Algorithm", r."CreatedAt", r."KeySize", r."Name", r."OwnerId", r."PublicKeyFingerprint", r."PublicKeyPem", r."RevokedAt", r."Status"
FROM "RsaKeyPairs" AS r
WHERE r."OwnerId" = @__CurrentUserId_0
ORDER BY r."CreatedAt" DESC
2026-09-13 13:46:51.676 +07:00 [INF] Executed DbCommand (4ms) [Parameters=[@__CurrentUserId_0='?' (DbType = Guid)], CommandType='"Text"', CommandTimeout='30']
SELECT e."KeyPairId" AS "KeyId", count(*)::int AS "Count"
FROM "EncryptedFiles" AS e
WHERE e."OwnerId" = @__CurrentUserId_0
GROUP BY e."KeyPairId"
2026-09-13 13:46:51.681 +07:00 [INF] Executing OkObjectResult, writing value of type '<>f__AnonymousType21`2[[System.Collections.Generic.IEnumerable`1[[CloudSafe.Api.DTOs.KeyPairDto, CloudSafe.Api, Version=1.0.0.0, Culture=neutral, PublicKeyToken=null]], System.Private.CoreLib, Version=9.0.0.0, Culture=neutral, PublicKeyToken=7cec85d7bea7798e],[System.Boolean, System.Private.CoreLib, Version=9.0.0.0, Culture=neutral, PublicKeyToken=7cec85d7bea7798e]]'.
2026-09-13 13:46:51.696 +07:00 [INF] Executed action CloudSafe.Api.Controllers.KeysController.List (CloudSafe.Api) in 69.047ms
2026-09-13 13:46:51.698 +07:00 [INF] Executed endpoint 'CloudSafe.Api.Controllers.KeysController.List (CloudSafe.Api)'
2026-09-13 13:46:51.699 +07:00 [INF] HTTP GET /api/keys responded 200 in 79.2653 ms
2026-09-13 13:46:51.702 +07:00 [INF] Request finished HTTP/1.1 GET http://localhost:5000/api/keys - 200 null application/json; charset=utf-8 84.7978ms
2026-09-13 13:46:53.720 +07:00 [INF] Request starting HTTP/1.1 GET http://localhost:5000/api/files?current=1&pageSize=10 - null null
2026-09-13 13:46:53.729 +07:00 [INF] Executing endpoint 'CloudSafe.Api.Controllers.FilesController.List (CloudSafe.Api)'
2026-09-13 13:46:53.735 +07:00 [INF] Route matched with {action = "List", controller = "Files"}. Executing controller action with signature System.Threading.Tasks.Task`1[Microsoft.AspNetCore.Mvc.IActionResult] List(Int32, Int32, System.String, System.Nullable`1[System.Int32]) on controller CloudSafe.Api.Controllers.FilesController (CloudSafe.Api).
2026-09-13 13:46:53.744 +07:00 [INF] Executed DbCommand (1ms) [Parameters=[@__CurrentUserId_0='?' (DbType = Guid)], CommandType='"Text"', CommandTimeout='30']
SELECT count(*)::int
FROM "EncryptedFiles" AS e
WHERE e."OwnerId" = @__CurrentUserId_0 AND e."Status" <> 2
2026-09-13 13:46:53.748 +07:00 [INF] Executed DbCommand (1ms) [Parameters=[@__CurrentUserId_0='?' (DbType = Guid), @__p_2='?' (DbType = Int32), @__p_1='?' (DbType = Int32)], CommandType='"Text"', CommandTimeout='30']
SELECT e0."Id", e0."Algorithm", e0."AuthTag", e0."CreatedAt", e0."EncryptedAesKey", e0."FileSizeBytes", e0."Iv", e0."KeyPairId", e0."MimeType", e0."OriginalName", e0."OwnerId", e0."Status", e0."StoragePath", e0."UpdatedAt", u."Id", u."Address", u."Avatar", u."CreatedAt", u."Email", u."Group", u."Name", u."PasswordHash", u."Phone", u."Role", u."Signature", u."Title", u."UpdatedAt", u."Username"
FROM (
    SELECT e."Id", e."Algorithm", e."AuthTag", e."CreatedAt", e."EncryptedAesKey", e."FileSizeBytes", e."Iv", e."KeyPairId", e."MimeType", e."OriginalName", e."OwnerId", e."Status", e."StoragePath", e."UpdatedAt"
    FROM "EncryptedFiles" AS e
    WHERE e."OwnerId" = @__CurrentUserId_0 AND e."Status" <> 2
    ORDER BY e."CreatedAt" DESC
    LIMIT @__p_2 OFFSET @__p_1
) AS e0
INNER JOIN "Users" AS u ON e0."OwnerId" = u."Id"
ORDER BY e0."CreatedAt" DESC
2026-09-13 13:46:53.750 +07:00 [INF] Executing OkObjectResult, writing value of type '<>f__AnonymousType17`3[[System.Collections.Generic.IEnumerable`1[[CloudSafe.Api.DTOs.FileDto, CloudSafe.Api, Version=1.0.0.0, Culture=neutral, PublicKeyToken=null]], System.Private.CoreLib, Version=9.0.0.0, Culture=neutral, PublicKeyToken=7cec85d7bea7798e],[System.Int32, System.Private.CoreLib, Version=9.0.0.0, Culture=neutral, PublicKeyToken=7cec85d7bea7798e],[System.Boolean, System.Private.CoreLib, Version=9.0.0.0, Culture=neutral, PublicKeyToken=7cec85d7bea7798e]]'.
2026-09-13 13:46:53.756 +07:00 [INF] Executed action CloudSafe.Api.Controllers.FilesController.List (CloudSafe.Api) in 19.6693ms
2026-09-13 13:46:53.758 +07:00 [INF] Executed endpoint 'CloudSafe.Api.Controllers.FilesController.List (CloudSafe.Api)'
2026-09-13 13:46:53.759 +07:00 [INF] HTTP GET /api/files responded 200 in 30.6779 ms
2026-09-13 13:46:53.761 +07:00 [INF] Request finished HTTP/1.1 GET http://localhost:5000/api/files?current=1&pageSize=10 - 200 null application/json; charset=utf-8 40.175ms
2026-09-13 13:46:57.037 +07:00 [INF] Request starting HTTP/1.1 GET http://localhost:5000/api/keys - null null
2026-09-13 13:46:57.041 +07:00 [INF] Executing endpoint 'CloudSafe.Api.Controllers.KeysController.List (CloudSafe.Api)'
2026-09-13 13:46:57.042 +07:00 [INF] Route matched with {action = "List", controller = "Keys"}. Executing controller action with signature System.Threading.Tasks.Task`1[Microsoft.AspNetCore.Mvc.IActionResult] List() on controller CloudSafe.Api.Controllers.KeysController (CloudSafe.Api).
2026-09-13 13:46:57.047 +07:00 [INF] Executed DbCommand (1ms) [Parameters=[@__CurrentUserId_0='?' (DbType = Guid)], CommandType='"Text"', CommandTimeout='30']
SELECT r."Id", r."Algorithm", r."CreatedAt", r."KeySize", r."Name", r."OwnerId", r."PublicKeyFingerprint", r."PublicKeyPem", r."RevokedAt", r."Status"
FROM "RsaKeyPairs" AS r
WHERE r."OwnerId" = @__CurrentUserId_0
ORDER BY r."CreatedAt" DESC
2026-09-13 13:46:57.051 +07:00 [INF] Executed DbCommand (1ms) [Parameters=[@__CurrentUserId_0='?' (DbType = Guid)], CommandType='"Text"', CommandTimeout='30']
SELECT e."KeyPairId" AS "KeyId", count(*)::int AS "Count"
FROM "EncryptedFiles" AS e
WHERE e."OwnerId" = @__CurrentUserId_0
GROUP BY e."KeyPairId"
2026-09-13 13:46:57.054 +07:00 [INF] Executing OkObjectResult, writing value of type '<>f__AnonymousType21`2[[System.Collections.Generic.IEnumerable`1[[CloudSafe.Api.DTOs.KeyPairDto, CloudSafe.Api, Version=1.0.0.0, Culture=neutral, PublicKeyToken=null]], System.Private.CoreLib, Version=9.0.0.0, Culture=neutral, PublicKeyToken=7cec85d7bea7798e],[System.Boolean, System.Private.CoreLib, Version=9.0.0.0, Culture=neutral, PublicKeyToken=7cec85d7bea7798e]]'.
2026-09-13 13:46:57.056 +07:00 [INF] Executed action CloudSafe.Api.Controllers.KeysController.List (CloudSafe.Api) in 11.6876ms
2026-09-13 13:46:57.057 +07:00 [INF] Executed endpoint 'CloudSafe.Api.Controllers.KeysController.List (CloudSafe.Api)'
2026-09-13 13:46:57.058 +07:00 [INF] HTTP GET /api/keys responded 200 in 17.9038 ms
2026-09-13 13:46:57.060 +07:00 [INF] Request finished HTTP/1.1 GET http://localhost:5000/api/keys - 200 null application/json; charset=utf-8 23.4162ms
2026-09-13 13:47:15.876 +07:00 [INF] Request starting HTTP/1.1 GET http://localhost:5000/api/keys - null null
2026-09-13 13:47:15.879 +07:00 [INF] Executing endpoint 'CloudSafe.Api.Controllers.KeysController.List (CloudSafe.Api)'
2026-09-13 13:47:15.880 +07:00 [INF] Route matched with {action = "List", controller = "Keys"}. Executing controller action with signature System.Threading.Tasks.Task`1[Microsoft.AspNetCore.Mvc.IActionResult] List() on controller CloudSafe.Api.Controllers.KeysController (CloudSafe.Api).
2026-09-13 13:47:15.884 +07:00 [INF] Executed DbCommand (1ms) [Parameters=[@__CurrentUserId_0='?' (DbType = Guid)], CommandType='"Text"', CommandTimeout='30']
SELECT r."Id", r."Algorithm", r."CreatedAt", r."KeySize", r."Name", r."OwnerId", r."PublicKeyFingerprint", r."PublicKeyPem", r."RevokedAt", r."Status"
FROM "RsaKeyPairs" AS r
WHERE r."OwnerId" = @__CurrentUserId_0
ORDER BY r."CreatedAt" DESC
2026-09-13 13:47:15.888 +07:00 [INF] Executed DbCommand (1ms) [Parameters=[@__CurrentUserId_0='?' (DbType = Guid)], CommandType='"Text"', CommandTimeout='30']
SELECT e."KeyPairId" AS "KeyId", count(*)::int AS "Count"
FROM "EncryptedFiles" AS e
WHERE e."OwnerId" = @__CurrentUserId_0
GROUP BY e."KeyPairId"
2026-09-13 13:47:15.890 +07:00 [INF] Executing OkObjectResult, writing value of type '<>f__AnonymousType21`2[[System.Collections.Generic.IEnumerable`1[[CloudSafe.Api.DTOs.KeyPairDto, CloudSafe.Api, Version=1.0.0.0, Culture=neutral, PublicKeyToken=null]], System.Private.CoreLib, Version=9.0.0.0, Culture=neutral, PublicKeyToken=7cec85d7bea7798e],[System.Boolean, System.Private.CoreLib, Version=9.0.0.0, Culture=neutral, PublicKeyToken=7cec85d7bea7798e]]'.
2026-09-13 13:47:15.892 +07:00 [INF] Executed action CloudSafe.Api.Controllers.KeysController.List (CloudSafe.Api) in 10.2126ms
2026-09-13 13:47:15.894 +07:00 [INF] Executed endpoint 'CloudSafe.Api.Controllers.KeysController.List (CloudSafe.Api)'
2026-09-13 13:47:15.895 +07:00 [INF] HTTP GET /api/keys responded 200 in 16.1256 ms
2026-09-13 13:47:15.896 +07:00 [INF] Request finished HTTP/1.1 GET http://localhost:5000/api/keys - 200 null application/json; charset=utf-8 20.5846ms
2026-09-13 13:47:37.821 +07:00 [INF] Request starting HTTP/1.1 GET http://localhost:5000/api/rule?current=1&pageSize=20 - null null
2026-09-13 13:47:37.825 +07:00 [INF] Executing endpoint 'CloudSafe.Api.Controllers.RuleController.List (CloudSafe.Api)'
2026-09-13 13:47:37.827 +07:00 [INF] Route matched with {action = "List", controller = "Rule"}. Executing controller action with signature System.Threading.Tasks.Task`1[Microsoft.AspNetCore.Mvc.IActionResult] List(Int32, Int32, System.String) on controller CloudSafe.Api.Controllers.RuleController (CloudSafe.Api).
2026-09-13 13:47:37.831 +07:00 [INF] Executed DbCommand (1ms) [Parameters=[@__CurrentUserId_0='?' (DbType = Guid)], CommandType='"Text"', CommandTimeout='30']
SELECT count(*)::int
FROM "EncryptedFiles" AS e
WHERE e."OwnerId" = @__CurrentUserId_0 AND e."Status" <> 2
2026-09-13 13:47:37.835 +07:00 [INF] Executed DbCommand (1ms) [Parameters=[@__CurrentUserId_0='?' (DbType = Guid), @__p_2='?' (DbType = Int32), @__p_1='?' (DbType = Int32)], CommandType='"Text"', CommandTimeout='30']
SELECT e0."Id", e0."Algorithm", e0."AuthTag", e0."CreatedAt", e0."EncryptedAesKey", e0."FileSizeBytes", e0."Iv", e0."KeyPairId", e0."MimeType", e0."OriginalName", e0."OwnerId", e0."Status", e0."StoragePath", e0."UpdatedAt", u."Id", u."Address", u."Avatar", u."CreatedAt", u."Email", u."Group", u."Name", u."PasswordHash", u."Phone", u."Role", u."Signature", u."Title", u."UpdatedAt", u."Username"
FROM (
    SELECT e."Id", e."Algorithm", e."AuthTag", e."CreatedAt", e."EncryptedAesKey", e."FileSizeBytes", e."Iv", e."KeyPairId", e."MimeType", e."OriginalName", e."OwnerId", e."Status", e."StoragePath", e."UpdatedAt"
    FROM "EncryptedFiles" AS e
    WHERE e."OwnerId" = @__CurrentUserId_0 AND e."Status" <> 2
    ORDER BY e."CreatedAt" DESC
    LIMIT @__p_2 OFFSET @__p_1
) AS e0
INNER JOIN "Users" AS u ON e0."OwnerId" = u."Id"
ORDER BY e0."CreatedAt" DESC
2026-09-13 13:47:37.838 +07:00 [INF] Executing OkObjectResult, writing value of type 'CloudSafe.Api.DTOs.TableListResult'.
2026-09-13 13:47:37.839 +07:00 [INF] Executed action CloudSafe.Api.Controllers.RuleController.List (CloudSafe.Api) in 10.3593ms
2026-09-13 13:47:37.841 +07:00 [INF] Executed endpoint 'CloudSafe.Api.Controllers.RuleController.List (CloudSafe.Api)'
2026-09-13 13:47:37.841 +07:00 [INF] HTTP GET /api/rule responded 200 in 17.1638 ms
2026-09-13 13:47:37.843 +07:00 [INF] Request finished HTTP/1.1 GET http://localhost:5000/api/rule?current=1&pageSize=20 - 200 null application/json; charset=utf-8 22.0603ms
2026-09-13 13:47:40.456 +07:00 [INF] Request starting HTTP/1.1 GET http://localhost:5000/api/keys - null null
2026-09-13 13:47:40.460 +07:00 [INF] Executing endpoint 'CloudSafe.Api.Controllers.KeysController.List (CloudSafe.Api)'
2026-09-13 13:47:40.461 +07:00 [INF] Route matched with {action = "List", controller = "Keys"}. Executing controller action with signature System.Threading.Tasks.Task`1[Microsoft.AspNetCore.Mvc.IActionResult] List() on controller CloudSafe.Api.Controllers.KeysController (CloudSafe.Api).
2026-09-13 13:47:40.466 +07:00 [INF] Executed DbCommand (1ms) [Parameters=[@__CurrentUserId_0='?' (DbType = Guid)], CommandType='"Text"', CommandTimeout='30']
SELECT r."Id", r."Algorithm", r."CreatedAt", r."KeySize", r."Name", r."OwnerId", r."PublicKeyFingerprint", r."PublicKeyPem", r."RevokedAt", r."Status"
FROM "RsaKeyPairs" AS r
WHERE r."OwnerId" = @__CurrentUserId_0
ORDER BY r."CreatedAt" DESC
2026-09-13 13:47:40.471 +07:00 [INF] Executed DbCommand (1ms) [Parameters=[@__CurrentUserId_0='?' (DbType = Guid)], CommandType='"Text"', CommandTimeout='30']
SELECT e."KeyPairId" AS "KeyId", count(*)::int AS "Count"
FROM "EncryptedFiles" AS e
WHERE e."OwnerId" = @__CurrentUserId_0
GROUP BY e."KeyPairId"
2026-09-13 13:47:40.473 +07:00 [INF] Executing OkObjectResult, writing value of type '<>f__AnonymousType21`2[[System.Collections.Generic.IEnumerable`1[[CloudSafe.Api.DTOs.KeyPairDto, CloudSafe.Api, Version=1.0.0.0, Culture=neutral, PublicKeyToken=null]], System.Private.CoreLib, Version=9.0.0.0, Culture=neutral, PublicKeyToken=7cec85d7bea7798e],[System.Boolean, System.Private.CoreLib, Version=9.0.0.0, Culture=neutral, PublicKeyToken=7cec85d7bea7798e]]'.
2026-09-13 13:47:40.475 +07:00 [INF] Executed action CloudSafe.Api.Controllers.KeysController.List (CloudSafe.Api) in 10.9519ms
2026-09-13 13:47:40.476 +07:00 [INF] Executed endpoint 'CloudSafe.Api.Controllers.KeysController.List (CloudSafe.Api)'
2026-09-13 13:47:40.477 +07:00 [INF] HTTP GET /api/keys responded 200 in 17.9301 ms
2026-09-13 13:47:40.479 +07:00 [INF] Request finished HTTP/1.1 GET http://localhost:5000/api/keys - 200 null application/json; charset=utf-8 22.9206ms
2026-09-13 13:50:21.539 +07:00 [INF] Request starting HTTP/1.1 POST http://localhost:5000/api/login/outLogin - null 0
2026-09-13 13:50:21.544 +07:00 [INF] CORS policy execution failed.
2026-09-13 13:50:21.545 +07:00 [INF] Request origin http://localhost:5000 does not have permission to access the resource.
2026-09-13 13:50:21.547 +07:00 [INF] Executing endpoint 'CloudSafe.Api.Controllers.AuthController.Logout (CloudSafe.Api)'
2026-09-13 13:50:21.550 +07:00 [INF] Route matched with {action = "Logout", controller = "Auth"}. Executing controller action with signature Microsoft.AspNetCore.Mvc.IActionResult Logout() on controller CloudSafe.Api.Controllers.AuthController (CloudSafe.Api).
2026-09-13 13:50:21.553 +07:00 [INF] Executing OkObjectResult, writing value of type '<>f__AnonymousType1`1[[System.Boolean, System.Private.CoreLib, Version=9.0.0.0, Culture=neutral, PublicKeyToken=7cec85d7bea7798e]]'.
2026-09-13 13:50:21.556 +07:00 [INF] Executed action CloudSafe.Api.Controllers.AuthController.Logout (CloudSafe.Api) in 4.108ms
2026-09-13 13:50:21.557 +07:00 [INF] Executed endpoint 'CloudSafe.Api.Controllers.AuthController.Logout (CloudSafe.Api)'
2026-09-13 13:50:21.558 +07:00 [INF] HTTP POST /api/login/outLogin responded 200 in 14.8333 ms
2026-09-13 13:50:21.560 +07:00 [INF] Request finished HTTP/1.1 POST http://localhost:5000/api/login/outLogin - 200 null application/json; charset=utf-8 20.7973ms
2026-09-13 13:51:50.178 +07:00 [INF] Request starting HTTP/1.1 POST http://localhost:5000/api/login/account - application/json 76
2026-09-13 13:51:50.185 +07:00 [INF] CORS policy execution failed.
2026-09-13 13:51:50.188 +07:00 [INF] Request origin http://localhost:5000 does not have permission to access the resource.
2026-09-13 13:51:50.190 +07:00 [INF] Executing endpoint 'CloudSafe.Api.Controllers.AuthController.Login (CloudSafe.Api)'
2026-09-13 13:51:50.192 +07:00 [INF] Route matched with {action = "Login", controller = "Auth"}. Executing controller action with signature System.Threading.Tasks.Task`1[Microsoft.AspNetCore.Mvc.IActionResult] Login(CloudSafe.Api.DTOs.LoginRequest) on controller CloudSafe.Api.Controllers.AuthController (CloudSafe.Api).
2026-09-13 13:51:50.401 +07:00 [INF] Executed DbCommand (6ms) [Parameters=[@__req_Username_0='?'], CommandType='"Text"', CommandTimeout='30']
SELECT u."Id", u."Address", u."Avatar", u."CreatedAt", u."Email", u."Group", u."Name", u."PasswordHash", u."Phone", u."Role", u."Signature", u."Title", u."UpdatedAt", u."Username"
FROM "Users" AS u
WHERE u."Username" = @__req_Username_0
LIMIT 1
2026-09-13 13:51:50.532 +07:00 [INF] Đăng nhập thành công: admin
2026-09-13 13:51:50.533 +07:00 [INF] Executing OkObjectResult, writing value of type '<>f__AnonymousType0`4[[System.String, System.Private.CoreLib, Version=9.0.0.0, Culture=neutral, PublicKeyToken=7cec85d7bea7798e],[System.String, System.Private.CoreLib, Version=9.0.0.0, Culture=neutral, PublicKeyToken=7cec85d7bea7798e],[System.String, System.Private.CoreLib, Version=9.0.0.0, Culture=neutral, PublicKeyToken=7cec85d7bea7798e],[System.String, System.Private.CoreLib, Version=9.0.0.0, Culture=neutral, PublicKeyToken=7cec85d7bea7798e]]'.
2026-09-13 13:51:50.535 +07:00 [INF] Executed action CloudSafe.Api.Controllers.AuthController.Login (CloudSafe.Api) in 338.8341ms
2026-09-13 13:51:50.536 +07:00 [INF] Executed endpoint 'CloudSafe.Api.Controllers.AuthController.Login (CloudSafe.Api)'
2026-09-13 13:51:50.537 +07:00 [INF] HTTP POST /api/login/account responded 200 in 351.5111 ms
2026-09-13 13:51:50.538 +07:00 [INF] Request finished HTTP/1.1 POST http://localhost:5000/api/login/account - 200 null application/json; charset=utf-8 360.6601ms
2026-09-13 13:51:50.550 +07:00 [INF] Request starting HTTP/1.1 GET http://localhost:5000/api/currentUser - null null
2026-09-13 13:51:50.553 +07:00 [INF] Executing endpoint 'CloudSafe.Api.Controllers.UserController.GetCurrentUser (CloudSafe.Api)'
2026-09-13 13:51:50.555 +07:00 [INF] Route matched with {action = "GetCurrentUser", controller = "User"}. Executing controller action with signature System.Threading.Tasks.Task`1[Microsoft.AspNetCore.Mvc.IActionResult] GetCurrentUser() on controller CloudSafe.Api.Controllers.UserController (CloudSafe.Api).
2026-09-13 13:51:50.560 +07:00 [INF] Executed DbCommand (1ms) [Parameters=[@__CurrentUserId_0='?' (DbType = Guid)], CommandType='"Text"', CommandTimeout='30']
SELECT u."Id", u."Address", u."Avatar", u."CreatedAt", u."Email", u."Group", u."Name", u."PasswordHash", u."Phone", u."Role", u."Signature", u."Title", u."UpdatedAt", u."Username"
FROM "Users" AS u
WHERE u."Id" = @__CurrentUserId_0
LIMIT 1
2026-09-13 13:51:50.569 +07:00 [INF] Executed DbCommand (5ms) [Parameters=[@__CurrentUserId_0='?' (DbType = Guid)], CommandType='"Text"', CommandTimeout='30']
SELECT count(*)::int
FROM "Notices" AS n
WHERE n."UserId" = @__CurrentUserId_0 AND n."Status" = 0
2026-09-13 13:51:50.571 +07:00 [INF] Executing OkObjectResult, writing value of type '<>f__AnonymousType7`1[[CloudSafe.Api.DTOs.CurrentUserDto, CloudSafe.Api, Version=1.0.0.0, Culture=neutral, PublicKeyToken=null]]'.
2026-09-13 13:51:50.573 +07:00 [INF] Executed action CloudSafe.Api.Controllers.UserController.GetCurrentUser (CloudSafe.Api) in 16.2794ms
2026-09-13 13:51:50.574 +07:00 [INF] Executed endpoint 'CloudSafe.Api.Controllers.UserController.GetCurrentUser (CloudSafe.Api)'
2026-09-13 13:51:50.575 +07:00 [INF] HTTP GET /api/currentUser responded 200 in 22.0888 ms
2026-09-13 13:51:50.578 +07:00 [INF] Request finished HTTP/1.1 GET http://localhost:5000/api/currentUser - 200 null application/json; charset=utf-8 27.6929ms
2026-09-13 13:51:52.143 +07:00 [INF] Request starting HTTP/1.1 GET http://localhost:5000/api/currentUser - null null
2026-09-13 13:51:52.146 +07:00 [INF] Executing endpoint 'CloudSafe.Api.Controllers.UserController.GetCurrentUser (CloudSafe.Api)'
2026-09-13 13:51:52.148 +07:00 [INF] Route matched with {action = "GetCurrentUser", controller = "User"}. Executing controller action with signature System.Threading.Tasks.Task`1[Microsoft.AspNetCore.Mvc.IActionResult] GetCurrentUser() on controller CloudSafe.Api.Controllers.UserController (CloudSafe.Api).
2026-09-13 13:51:52.152 +07:00 [INF] Executed DbCommand (1ms) [Parameters=[@__CurrentUserId_0='?' (DbType = Guid)], CommandType='"Text"', CommandTimeout='30']
SELECT u."Id", u."Address", u."Avatar", u."CreatedAt", u."Email", u."Group", u."Name", u."PasswordHash", u."Phone", u."Role", u."Signature", u."Title", u."UpdatedAt", u."Username"
FROM "Users" AS u
WHERE u."Id" = @__CurrentUserId_0
LIMIT 1
2026-09-13 13:51:52.156 +07:00 [INF] Executed DbCommand (1ms) [Parameters=[@__CurrentUserId_0='?' (DbType = Guid)], CommandType='"Text"', CommandTimeout='30']
SELECT count(*)::int
FROM "Notices" AS n
WHERE n."UserId" = @__CurrentUserId_0 AND n."Status" = 0
2026-09-13 13:51:52.159 +07:00 [INF] Executing OkObjectResult, writing value of type '<>f__AnonymousType7`1[[CloudSafe.Api.DTOs.CurrentUserDto, CloudSafe.Api, Version=1.0.0.0, Culture=neutral, PublicKeyToken=null]]'.
2026-09-13 13:51:52.161 +07:00 [INF] Executed action CloudSafe.Api.Controllers.UserController.GetCurrentUser (CloudSafe.Api) in 11.4519ms
2026-09-13 13:51:52.163 +07:00 [INF] Executed endpoint 'CloudSafe.Api.Controllers.UserController.GetCurrentUser (CloudSafe.Api)'
2026-09-13 13:51:52.164 +07:00 [INF] HTTP GET /api/currentUser responded 200 in 18.2702 ms
2026-09-13 13:51:52.166 +07:00 [INF] Request finished HTTP/1.1 GET http://localhost:5000/api/currentUser - 200 null application/json; charset=utf-8 23.3979ms
2026-09-13 13:51:53.095 +07:00 [INF] Request starting HTTP/1.1 GET http://localhost:5000/api/keys - null null
2026-09-13 13:51:53.098 +07:00 [INF] Executing endpoint 'CloudSafe.Api.Controllers.KeysController.List (CloudSafe.Api)'
2026-09-13 13:51:53.099 +07:00 [INF] Route matched with {action = "List", controller = "Keys"}. Executing controller action with signature System.Threading.Tasks.Task`1[Microsoft.AspNetCore.Mvc.IActionResult] List() on controller CloudSafe.Api.Controllers.KeysController (CloudSafe.Api).
2026-09-13 13:51:53.116 +07:00 [INF] Executed DbCommand (14ms) [Parameters=[@__CurrentUserId_0='?' (DbType = Guid)], CommandType='"Text"', CommandTimeout='30']
SELECT r."Id", r."Algorithm", r."CreatedAt", r."KeySize", r."Name", r."OwnerId", r."PublicKeyFingerprint", r."PublicKeyPem", r."RevokedAt", r."Status"
FROM "RsaKeyPairs" AS r
WHERE r."OwnerId" = @__CurrentUserId_0
ORDER BY r."CreatedAt" DESC
2026-09-13 13:51:53.151 +07:00 [INF] Executed DbCommand (31ms) [Parameters=[@__CurrentUserId_0='?' (DbType = Guid)], CommandType='"Text"', CommandTimeout='30']
SELECT e."KeyPairId" AS "KeyId", count(*)::int AS "Count"
FROM "EncryptedFiles" AS e
WHERE e."OwnerId" = @__CurrentUserId_0
GROUP BY e."KeyPairId"
2026-09-13 13:51:53.155 +07:00 [INF] Executing OkObjectResult, writing value of type '<>f__AnonymousType21`2[[System.Collections.Generic.IEnumerable`1[[CloudSafe.Api.DTOs.KeyPairDto, CloudSafe.Api, Version=1.0.0.0, Culture=neutral, PublicKeyToken=null]], System.Private.CoreLib, Version=9.0.0.0, Culture=neutral, PublicKeyToken=7cec85d7bea7798e],[System.Boolean, System.Private.CoreLib, Version=9.0.0.0, Culture=neutral, PublicKeyToken=7cec85d7bea7798e]]'.
2026-09-13 13:51:53.156 +07:00 [INF] Executed action CloudSafe.Api.Controllers.KeysController.List (CloudSafe.Api) in 54.7754ms
2026-09-13 13:51:53.158 +07:00 [INF] Executed endpoint 'CloudSafe.Api.Controllers.KeysController.List (CloudSafe.Api)'
2026-09-13 13:51:53.158 +07:00 [INF] HTTP GET /api/keys responded 200 in 60.6498 ms
2026-09-13 13:51:53.161 +07:00 [INF] Request finished HTTP/1.1 GET http://localhost:5000/api/keys - 200 null application/json; charset=utf-8 66.3532ms
2026-09-13 13:51:59.837 +07:00 [INF] Request starting HTTP/1.1 GET http://localhost:5000/api/keys - null null
2026-09-13 13:51:59.840 +07:00 [INF] Executing endpoint 'CloudSafe.Api.Controllers.KeysController.List (CloudSafe.Api)'
2026-09-13 13:51:59.841 +07:00 [INF] Route matched with {action = "List", controller = "Keys"}. Executing controller action with signature System.Threading.Tasks.Task`1[Microsoft.AspNetCore.Mvc.IActionResult] List() on controller CloudSafe.Api.Controllers.KeysController (CloudSafe.Api).
2026-09-13 13:51:59.845 +07:00 [INF] Executed DbCommand (1ms) [Parameters=[@__CurrentUserId_0='?' (DbType = Guid)], CommandType='"Text"', CommandTimeout='30']
SELECT r."Id", r."Algorithm", r."CreatedAt", r."KeySize", r."Name", r."OwnerId", r."PublicKeyFingerprint", r."PublicKeyPem", r."RevokedAt", r."Status"
FROM "RsaKeyPairs" AS r
WHERE r."OwnerId" = @__CurrentUserId_0
ORDER BY r."CreatedAt" DESC
2026-09-13 13:51:59.859 +07:00 [INF] Executed DbCommand (1ms) [Parameters=[@__CurrentUserId_0='?' (DbType = Guid)], CommandType='"Text"', CommandTimeout='30']
SELECT e."KeyPairId" AS "KeyId", count(*)::int AS "Count"
FROM "EncryptedFiles" AS e
WHERE e."OwnerId" = @__CurrentUserId_0
GROUP BY e."KeyPairId"
2026-09-13 13:51:59.863 +07:00 [INF] Executing OkObjectResult, writing value of type '<>f__AnonymousType21`2[[System.Collections.Generic.IEnumerable`1[[CloudSafe.Api.DTOs.KeyPairDto, CloudSafe.Api, Version=1.0.0.0, Culture=neutral, PublicKeyToken=null]], System.Private.CoreLib, Version=9.0.0.0, Culture=neutral, PublicKeyToken=7cec85d7bea7798e],[System.Boolean, System.Private.CoreLib, Version=9.0.0.0, Culture=neutral, PublicKeyToken=7cec85d7bea7798e]]'.
2026-09-13 13:51:59.867 +07:00 [INF] Executed action CloudSafe.Api.Controllers.KeysController.List (CloudSafe.Api) in 22.2529ms
2026-09-13 13:51:59.868 +07:00 [INF] Executed endpoint 'CloudSafe.Api.Controllers.KeysController.List (CloudSafe.Api)'
2026-09-13 13:51:59.869 +07:00 [INF] HTTP GET /api/keys responded 200 in 29.0078 ms
2026-09-13 13:51:59.872 +07:00 [INF] Request finished HTTP/1.1 GET http://localhost:5000/api/keys - 200 null application/json; charset=utf-8 34.8229ms
2026-09-13 13:52:04.523 +07:00 [INF] Request starting HTTP/1.1 GET http://localhost:5000/api/files?current=1&pageSize=10 - null null
2026-09-13 13:52:04.526 +07:00 [INF] Executing endpoint 'CloudSafe.Api.Controllers.FilesController.List (CloudSafe.Api)'
2026-09-13 13:52:04.528 +07:00 [INF] Route matched with {action = "List", controller = "Files"}. Executing controller action with signature System.Threading.Tasks.Task`1[Microsoft.AspNetCore.Mvc.IActionResult] List(Int32, Int32, System.String, System.Nullable`1[System.Int32]) on controller CloudSafe.Api.Controllers.FilesController (CloudSafe.Api).
2026-09-13 13:52:04.533 +07:00 [INF] Executed DbCommand (1ms) [Parameters=[@__CurrentUserId_0='?' (DbType = Guid)], CommandType='"Text"', CommandTimeout='30']
SELECT count(*)::int
FROM "EncryptedFiles" AS e
WHERE e."OwnerId" = @__CurrentUserId_0 AND e."Status" <> 2
2026-09-13 13:52:04.538 +07:00 [INF] Executed DbCommand (2ms) [Parameters=[@__CurrentUserId_0='?' (DbType = Guid), @__p_2='?' (DbType = Int32), @__p_1='?' (DbType = Int32)], CommandType='"Text"', CommandTimeout='30']
SELECT e0."Id", e0."Algorithm", e0."AuthTag", e0."CreatedAt", e0."EncryptedAesKey", e0."FileSizeBytes", e0."Iv", e0."KeyPairId", e0."MimeType", e0."OriginalName", e0."OwnerId", e0."Status", e0."StoragePath", e0."UpdatedAt", u."Id", u."Address", u."Avatar", u."CreatedAt", u."Email", u."Group", u."Name", u."PasswordHash", u."Phone", u."Role", u."Signature", u."Title", u."UpdatedAt", u."Username"
FROM (
    SELECT e."Id", e."Algorithm", e."AuthTag", e."CreatedAt", e."EncryptedAesKey", e."FileSizeBytes", e."Iv", e."KeyPairId", e."MimeType", e."OriginalName", e."OwnerId", e."Status", e."StoragePath", e."UpdatedAt"
    FROM "EncryptedFiles" AS e
    WHERE e."OwnerId" = @__CurrentUserId_0 AND e."Status" <> 2
    ORDER BY e."CreatedAt" DESC
    LIMIT @__p_2 OFFSET @__p_1
) AS e0
INNER JOIN "Users" AS u ON e0."OwnerId" = u."Id"
ORDER BY e0."CreatedAt" DESC
2026-09-13 13:52:04.541 +07:00 [INF] Executing OkObjectResult, writing value of type '<>f__AnonymousType17`3[[System.Collections.Generic.IEnumerable`1[[CloudSafe.Api.DTOs.FileDto, CloudSafe.Api, Version=1.0.0.0, Culture=neutral, PublicKeyToken=null]], System.Private.CoreLib, Version=9.0.0.0, Culture=neutral, PublicKeyToken=7cec85d7bea7798e],[System.Int32, System.Private.CoreLib, Version=9.0.0.0, Culture=neutral, PublicKeyToken=7cec85d7bea7798e],[System.Boolean, System.Private.CoreLib, Version=9.0.0.0, Culture=neutral, PublicKeyToken=7cec85d7bea7798e]]'.
2026-09-13 13:52:04.543 +07:00 [INF] Executed action CloudSafe.Api.Controllers.FilesController.List (CloudSafe.Api) in 12.3868ms
2026-09-13 13:52:04.544 +07:00 [INF] Executed endpoint 'CloudSafe.Api.Controllers.FilesController.List (CloudSafe.Api)'
2026-09-13 13:52:04.545 +07:00 [INF] HTTP GET /api/files responded 200 in 19.8407 ms
2026-09-13 13:52:04.547 +07:00 [INF] Request finished HTTP/1.1 GET http://localhost:5000/api/files?current=1&pageSize=10 - 200 null application/json; charset=utf-8 24.6286ms
2026-09-13 13:52:06.228 +07:00 [INF] Request starting HTTP/1.1 GET http://localhost:5000/api/keys - null null
2026-09-13 13:52:06.232 +07:00 [INF] Executing endpoint 'CloudSafe.Api.Controllers.KeysController.List (CloudSafe.Api)'
2026-09-13 13:52:06.233 +07:00 [INF] Route matched with {action = "List", controller = "Keys"}. Executing controller action with signature System.Threading.Tasks.Task`1[Microsoft.AspNetCore.Mvc.IActionResult] List() on controller CloudSafe.Api.Controllers.KeysController (CloudSafe.Api).
2026-09-13 13:52:06.238 +07:00 [INF] Executed DbCommand (1ms) [Parameters=[@__CurrentUserId_0='?' (DbType = Guid)], CommandType='"Text"', CommandTimeout='30']
SELECT r."Id", r."Algorithm", r."CreatedAt", r."KeySize", r."Name", r."OwnerId", r."PublicKeyFingerprint", r."PublicKeyPem", r."RevokedAt", r."Status"
FROM "RsaKeyPairs" AS r
WHERE r."OwnerId" = @__CurrentUserId_0
ORDER BY r."CreatedAt" DESC
2026-09-13 13:52:06.242 +07:00 [INF] Executed DbCommand (1ms) [Parameters=[@__CurrentUserId_0='?' (DbType = Guid)], CommandType='"Text"', CommandTimeout='30']
SELECT e."KeyPairId" AS "KeyId", count(*)::int AS "Count"
FROM "EncryptedFiles" AS e
WHERE e."OwnerId" = @__CurrentUserId_0
GROUP BY e."KeyPairId"
2026-09-13 13:52:06.244 +07:00 [INF] Executing OkObjectResult, writing value of type '<>f__AnonymousType21`2[[System.Collections.Generic.IEnumerable`1[[CloudSafe.Api.DTOs.KeyPairDto, CloudSafe.Api, Version=1.0.0.0, Culture=neutral, PublicKeyToken=null]], System.Private.CoreLib, Version=9.0.0.0, Culture=neutral, PublicKeyToken=7cec85d7bea7798e],[System.Boolean, System.Private.CoreLib, Version=9.0.0.0, Culture=neutral, PublicKeyToken=7cec85d7bea7798e]]'.
2026-09-13 13:52:06.246 +07:00 [INF] Executed action CloudSafe.Api.Controllers.KeysController.List (CloudSafe.Api) in 10.2178ms
2026-09-13 13:52:06.247 +07:00 [INF] Executed endpoint 'CloudSafe.Api.Controllers.KeysController.List (CloudSafe.Api)'
2026-09-13 13:52:06.248 +07:00 [INF] HTTP GET /api/keys responded 200 in 16.8084 ms
2026-09-13 13:52:06.250 +07:00 [INF] Request finished HTTP/1.1 GET http://localhost:5000/api/keys - 200 null application/json; charset=utf-8 21.8296ms
2026-09-13 13:52:10.969 +07:00 [INF] Request starting HTTP/1.1 GET http://localhost:5000/api/keys - null null
2026-09-13 13:52:10.973 +07:00 [INF] Executing endpoint 'CloudSafe.Api.Controllers.KeysController.List (CloudSafe.Api)'
2026-09-13 13:52:10.978 +07:00 [INF] Route matched with {action = "List", controller = "Keys"}. Executing controller action with signature System.Threading.Tasks.Task`1[Microsoft.AspNetCore.Mvc.IActionResult] List() on controller CloudSafe.Api.Controllers.KeysController (CloudSafe.Api).
2026-09-13 13:52:10.983 +07:00 [INF] Executed DbCommand (1ms) [Parameters=[@__CurrentUserId_0='?' (DbType = Guid)], CommandType='"Text"', CommandTimeout='30']
SELECT r."Id", r."Algorithm", r."CreatedAt", r."KeySize", r."Name", r."OwnerId", r."PublicKeyFingerprint", r."PublicKeyPem", r."RevokedAt", r."Status"
FROM "RsaKeyPairs" AS r
WHERE r."OwnerId" = @__CurrentUserId_0
ORDER BY r."CreatedAt" DESC
2026-09-13 13:52:10.989 +07:00 [INF] Executed DbCommand (2ms) [Parameters=[@__CurrentUserId_0='?' (DbType = Guid)], CommandType='"Text"', CommandTimeout='30']
SELECT e."KeyPairId" AS "KeyId", count(*)::int AS "Count"
FROM "EncryptedFiles" AS e
WHERE e."OwnerId" = @__CurrentUserId_0
GROUP BY e."KeyPairId"
2026-09-13 13:52:11.002 +07:00 [INF] Executing OkObjectResult, writing value of type '<>f__AnonymousType21`2[[System.Collections.Generic.IEnumerable`1[[CloudSafe.Api.DTOs.KeyPairDto, CloudSafe.Api, Version=1.0.0.0, Culture=neutral, PublicKeyToken=null]], System.Private.CoreLib, Version=9.0.0.0, Culture=neutral, PublicKeyToken=7cec85d7bea7798e],[System.Boolean, System.Private.CoreLib, Version=9.0.0.0, Culture=neutral, PublicKeyToken=7cec85d7bea7798e]]'.
2026-09-13 13:52:11.007 +07:00 [INF] Executed action CloudSafe.Api.Controllers.KeysController.List (CloudSafe.Api) in 27.4281ms
2026-09-13 13:52:11.009 +07:00 [INF] Executed endpoint 'CloudSafe.Api.Controllers.KeysController.List (CloudSafe.Api)'
2026-09-13 13:52:11.010 +07:00 [INF] HTTP GET /api/keys responded 200 in 38.5520 ms
2026-09-13 13:52:11.013 +07:00 [INF] Request finished HTTP/1.1 GET http://localhost:5000/api/keys - 200 null application/json; charset=utf-8 44.1901ms
2026-09-13 13:53:03.459 +07:00 [INF] Request starting HTTP/1.1 GET http://localhost:5000/api/keys - null null
2026-09-13 13:53:03.462 +07:00 [INF] Executing endpoint 'CloudSafe.Api.Controllers.KeysController.List (CloudSafe.Api)'
2026-09-13 13:53:03.464 +07:00 [INF] Route matched with {action = "List", controller = "Keys"}. Executing controller action with signature System.Threading.Tasks.Task`1[Microsoft.AspNetCore.Mvc.IActionResult] List() on controller CloudSafe.Api.Controllers.KeysController (CloudSafe.Api).
2026-09-13 13:53:03.467 +07:00 [INF] Executed DbCommand (1ms) [Parameters=[@__CurrentUserId_0='?' (DbType = Guid)], CommandType='"Text"', CommandTimeout='30']
SELECT r."Id", r."Algorithm", r."CreatedAt", r."KeySize", r."Name", r."OwnerId", r."PublicKeyFingerprint", r."PublicKeyPem", r."RevokedAt", r."Status"
FROM "RsaKeyPairs" AS r
WHERE r."OwnerId" = @__CurrentUserId_0
ORDER BY r."CreatedAt" DESC
2026-09-13 13:53:03.471 +07:00 [INF] Executed DbCommand (1ms) [Parameters=[@__CurrentUserId_0='?' (DbType = Guid)], CommandType='"Text"', CommandTimeout='30']
SELECT e."KeyPairId" AS "KeyId", count(*)::int AS "Count"
FROM "EncryptedFiles" AS e
WHERE e."OwnerId" = @__CurrentUserId_0
GROUP BY e."KeyPairId"
2026-09-13 13:53:03.473 +07:00 [INF] Executing OkObjectResult, writing value of type '<>f__AnonymousType21`2[[System.Collections.Generic.IEnumerable`1[[CloudSafe.Api.DTOs.KeyPairDto, CloudSafe.Api, Version=1.0.0.0, Culture=neutral, PublicKeyToken=null]], System.Private.CoreLib, Version=9.0.0.0, Culture=neutral, PublicKeyToken=7cec85d7bea7798e],[System.Boolean, System.Private.CoreLib, Version=9.0.0.0, Culture=neutral, PublicKeyToken=7cec85d7bea7798e]]'.
2026-09-13 13:53:03.474 +07:00 [INF] Executed action CloudSafe.Api.Controllers.KeysController.List (CloudSafe.Api) in 9.2558ms
2026-09-13 13:53:03.476 +07:00 [INF] Executed endpoint 'CloudSafe.Api.Controllers.KeysController.List (CloudSafe.Api)'
2026-09-13 13:53:03.477 +07:00 [INF] HTTP GET /api/keys responded 200 in 15.2751 ms
2026-09-13 13:53:03.480 +07:00 [INF] Request finished HTTP/1.1 GET http://localhost:5000/api/keys - 200 null application/json; charset=utf-8 20.2375ms
2026-09-13 13:53:10.898 +07:00 [INF] Request starting HTTP/1.1 POST http://localhost:5000/api/keys - application/json 557
2026-09-13 13:53:10.902 +07:00 [INF] CORS policy execution failed.
2026-09-13 13:53:10.903 +07:00 [INF] Request origin http://localhost:5000 does not have permission to access the resource.
2026-09-13 13:53:10.905 +07:00 [INF] Executing endpoint 'CloudSafe.Api.Controllers.KeysController.Register (CloudSafe.Api)'
2026-09-13 13:53:10.911 +07:00 [INF] Route matched with {action = "Register", controller = "Keys"}. Executing controller action with signature System.Threading.Tasks.Task`1[Microsoft.AspNetCore.Mvc.IActionResult] Register(CloudSafe.Api.DTOs.RegisterKeyRequest) on controller CloudSafe.Api.Controllers.KeysController (CloudSafe.Api).
2026-09-13 13:53:10.971 +07:00 [INF] Executed DbCommand (8ms) [Parameters=[@p0='?' (DbType = Guid), @p1='?', @p2='?' (DbType = DateTime), @p3='?' (DbType = Int32), @p4='?', @p5='?' (DbType = Guid), @p6='?', @p7='?', @p8='?' (DbType = DateTime), @p9='?' (DbType = Int32)], CommandType='"Text"', CommandTimeout='30']
INSERT INTO "RsaKeyPairs" ("Id", "Algorithm", "CreatedAt", "KeySize", "Name", "OwnerId", "PublicKeyFingerprint", "PublicKeyPem", "RevokedAt", "Status")
VALUES (@p0, @p1, @p2, @p3, @p4, @p5, @p6, @p7, @p8, @p9);
2026-09-13 13:53:10.977 +07:00 [INF] RSA key registered: "a145ffdc-5fd1-41e0-acc5-7017c1eb9c90" for user "00000000-0000-0000-0000-000000000001"
2026-09-13 13:53:10.980 +07:00 [INF] Executing OkObjectResult, writing value of type '<>f__AnonymousType16`2[[System.Boolean, System.Private.CoreLib, Version=9.0.0.0, Culture=neutral, PublicKeyToken=7cec85d7bea7798e],[CloudSafe.Api.DTOs.KeyPairDto, CloudSafe.Api, Version=1.0.0.0, Culture=neutral, PublicKeyToken=null]]'.
2026-09-13 13:53:10.989 +07:00 [INF] Executed action CloudSafe.Api.Controllers.KeysController.Register (CloudSafe.Api) in 75.481ms
2026-09-13 13:53:10.991 +07:00 [INF] Executed endpoint 'CloudSafe.Api.Controllers.KeysController.Register (CloudSafe.Api)'
2026-09-13 13:53:10.992 +07:00 [INF] HTTP POST /api/keys responded 200 in 90.4625 ms
2026-09-13 13:53:10.995 +07:00 [INF] Request finished HTTP/1.1 POST http://localhost:5000/api/keys - 200 null application/json; charset=utf-8 96.3225ms
2026-09-13 13:53:30.194 +07:00 [INF] Request starting HTTP/1.1 POST http://localhost:5000/api/keys - application/json 557
2026-09-13 13:53:30.197 +07:00 [INF] CORS policy execution failed.
2026-09-13 13:53:30.198 +07:00 [INF] Request origin http://localhost:5000 does not have permission to access the resource.
2026-09-13 13:53:30.200 +07:00 [INF] Executing endpoint 'CloudSafe.Api.Controllers.KeysController.Register (CloudSafe.Api)'
2026-09-13 13:53:30.202 +07:00 [INF] Route matched with {action = "Register", controller = "Keys"}. Executing controller action with signature System.Threading.Tasks.Task`1[Microsoft.AspNetCore.Mvc.IActionResult] Register(CloudSafe.Api.DTOs.RegisterKeyRequest) on controller CloudSafe.Api.Controllers.KeysController (CloudSafe.Api).
2026-09-13 13:53:30.207 +07:00 [INF] Executed DbCommand (1ms) [Parameters=[@p0='?' (DbType = Guid), @p1='?', @p2='?' (DbType = DateTime), @p3='?' (DbType = Int32), @p4='?', @p5='?' (DbType = Guid), @p6='?', @p7='?', @p8='?' (DbType = DateTime), @p9='?' (DbType = Int32)], CommandType='"Text"', CommandTimeout='30']
INSERT INTO "RsaKeyPairs" ("Id", "Algorithm", "CreatedAt", "KeySize", "Name", "OwnerId", "PublicKeyFingerprint", "PublicKeyPem", "RevokedAt", "Status")
VALUES (@p0, @p1, @p2, @p3, @p4, @p5, @p6, @p7, @p8, @p9);
2026-09-13 13:53:30.210 +07:00 [INF] RSA key registered: "05f017d8-73fc-47c5-ba8c-9a31123454fc" for user "00000000-0000-0000-0000-000000000001"
2026-09-13 13:53:30.212 +07:00 [INF] Executing OkObjectResult, writing value of type '<>f__AnonymousType16`2[[System.Boolean, System.Private.CoreLib, Version=9.0.0.0, Culture=neutral, PublicKeyToken=7cec85d7bea7798e],[CloudSafe.Api.DTOs.KeyPairDto, CloudSafe.Api, Version=1.0.0.0, Culture=neutral, PublicKeyToken=null]]'.
2026-09-13 13:53:30.213 +07:00 [INF] Executed action CloudSafe.Api.Controllers.KeysController.Register (CloudSafe.Api) in 10.0721ms
2026-09-13 13:53:30.214 +07:00 [INF] Executed endpoint 'CloudSafe.Api.Controllers.KeysController.Register (CloudSafe.Api)'
2026-09-13 13:53:30.215 +07:00 [INF] HTTP POST /api/keys responded 200 in 17.7823 ms
2026-09-13 13:53:30.217 +07:00 [INF] Request finished HTTP/1.1 POST http://localhost:5000/api/keys - 200 null application/json; charset=utf-8 23.2323ms
2026-09-13 13:53:32.319 +07:00 [INF] Request starting HTTP/1.1 POST http://localhost:5000/api/keys - application/json 557
2026-09-13 13:53:32.321 +07:00 [INF] CORS policy execution failed.
2026-09-13 13:53:32.322 +07:00 [INF] Request origin http://localhost:5000 does not have permission to access the resource.
2026-09-13 13:53:32.324 +07:00 [INF] Executing endpoint 'CloudSafe.Api.Controllers.KeysController.Register (CloudSafe.Api)'
2026-09-13 13:53:32.326 +07:00 [INF] Route matched with {action = "Register", controller = "Keys"}. Executing controller action with signature System.Threading.Tasks.Task`1[Microsoft.AspNetCore.Mvc.IActionResult] Register(CloudSafe.Api.DTOs.RegisterKeyRequest) on controller CloudSafe.Api.Controllers.KeysController (CloudSafe.Api).
2026-09-13 13:53:32.331 +07:00 [INF] Executed DbCommand (2ms) [Parameters=[@p0='?' (DbType = Guid), @p1='?', @p2='?' (DbType = DateTime), @p3='?' (DbType = Int32), @p4='?', @p5='?' (DbType = Guid), @p6='?', @p7='?', @p8='?' (DbType = DateTime), @p9='?' (DbType = Int32)], CommandType='"Text"', CommandTimeout='30']
INSERT INTO "RsaKeyPairs" ("Id", "Algorithm", "CreatedAt", "KeySize", "Name", "OwnerId", "PublicKeyFingerprint", "PublicKeyPem", "RevokedAt", "Status")
VALUES (@p0, @p1, @p2, @p3, @p4, @p5, @p6, @p7, @p8, @p9);
2026-09-13 13:53:32.334 +07:00 [INF] RSA key registered: "e5cfda35-3102-49b8-b391-36744840f107" for user "00000000-0000-0000-0000-000000000001"
2026-09-13 13:53:32.335 +07:00 [INF] Executing OkObjectResult, writing value of type '<>f__AnonymousType16`2[[System.Boolean, System.Private.CoreLib, Version=9.0.0.0, Culture=neutral, PublicKeyToken=7cec85d7bea7798e],[CloudSafe.Api.DTOs.KeyPairDto, CloudSafe.Api, Version=1.0.0.0, Culture=neutral, PublicKeyToken=null]]'.
2026-09-13 13:53:32.337 +07:00 [INF] Executed action CloudSafe.Api.Controllers.KeysController.Register (CloudSafe.Api) in 9.7878ms
2026-09-13 13:53:32.338 +07:00 [INF] Executed endpoint 'CloudSafe.Api.Controllers.KeysController.Register (CloudSafe.Api)'
2026-09-13 13:53:32.339 +07:00 [INF] HTTP POST /api/keys responded 200 in 18.3160 ms
2026-09-13 13:53:32.341 +07:00 [INF] Request finished HTTP/1.1 POST http://localhost:5000/api/keys - 200 null application/json; charset=utf-8 22.5627ms
2026-09-13 13:53:35.418 +07:00 [INF] Request starting HTTP/1.1 GET http://localhost:5000/api/keys - null null
2026-09-13 13:53:35.420 +07:00 [INF] Executing endpoint 'CloudSafe.Api.Controllers.KeysController.List (CloudSafe.Api)'
2026-09-13 13:53:35.422 +07:00 [INF] Route matched with {action = "List", controller = "Keys"}. Executing controller action with signature System.Threading.Tasks.Task`1[Microsoft.AspNetCore.Mvc.IActionResult] List() on controller CloudSafe.Api.Controllers.KeysController (CloudSafe.Api).
2026-09-13 13:53:35.427 +07:00 [INF] Executed DbCommand (1ms) [Parameters=[@__CurrentUserId_0='?' (DbType = Guid)], CommandType='"Text"', CommandTimeout='30']
SELECT r."Id", r."Algorithm", r."CreatedAt", r."KeySize", r."Name", r."OwnerId", r."PublicKeyFingerprint", r."PublicKeyPem", r."RevokedAt", r."Status"
FROM "RsaKeyPairs" AS r
WHERE r."OwnerId" = @__CurrentUserId_0
ORDER BY r."CreatedAt" DESC
2026-09-13 13:53:35.431 +07:00 [INF] Executed DbCommand (1ms) [Parameters=[@__CurrentUserId_0='?' (DbType = Guid)], CommandType='"Text"', CommandTimeout='30']
SELECT e."KeyPairId" AS "KeyId", count(*)::int AS "Count"
FROM "EncryptedFiles" AS e
WHERE e."OwnerId" = @__CurrentUserId_0
GROUP BY e."KeyPairId"
2026-09-13 13:53:35.434 +07:00 [INF] Executing OkObjectResult, writing value of type '<>f__AnonymousType21`2[[System.Collections.Generic.IEnumerable`1[[CloudSafe.Api.DTOs.KeyPairDto, CloudSafe.Api, Version=1.0.0.0, Culture=neutral, PublicKeyToken=null]], System.Private.CoreLib, Version=9.0.0.0, Culture=neutral, PublicKeyToken=7cec85d7bea7798e],[System.Boolean, System.Private.CoreLib, Version=9.0.0.0, Culture=neutral, PublicKeyToken=7cec85d7bea7798e]]'.
2026-09-13 13:53:35.437 +07:00 [INF] Executed action CloudSafe.Api.Controllers.KeysController.List (CloudSafe.Api) in 13.2726ms
2026-09-13 13:53:35.438 +07:00 [INF] Executed endpoint 'CloudSafe.Api.Controllers.KeysController.List (CloudSafe.Api)'
2026-09-13 13:53:35.439 +07:00 [INF] HTTP GET /api/keys responded 200 in 19.3066 ms
2026-09-13 13:53:35.441 +07:00 [INF] Request finished HTTP/1.1 GET http://localhost:5000/api/keys - 200 null application/json; charset=utf-8 23.7305ms
2026-09-13 13:53:42.631 +07:00 [INF] Request starting HTTP/1.1 GET http://localhost:5000/api/keys/e5cfda35-3102-49b8-b391-36744840f107/public - null null
2026-09-13 13:53:42.635 +07:00 [INF] Executing endpoint 'CloudSafe.Api.Controllers.KeysController.GetPublicKey (CloudSafe.Api)'
2026-09-13 13:53:42.639 +07:00 [INF] Route matched with {action = "GetPublicKey", controller = "Keys"}. Executing controller action with signature System.Threading.Tasks.Task`1[Microsoft.AspNetCore.Mvc.IActionResult] GetPublicKey(System.Guid) on controller CloudSafe.Api.Controllers.KeysController (CloudSafe.Api).
2026-09-13 13:53:42.648 +07:00 [INF] Executed DbCommand (1ms) [Parameters=[@__id_0='?' (DbType = Guid)], CommandType='"Text"', CommandTimeout='30']
SELECT r."Id", r."PublicKeyPem", r."PublicKeyFingerprint", r."Algorithm", r."KeySize"
FROM "RsaKeyPairs" AS r
WHERE r."Id" = @__id_0 AND r."Status" = 0
LIMIT 1
2026-09-13 13:53:42.651 +07:00 [INF] Executing OkObjectResult, writing value of type '<>f__AnonymousType7`1[[<>f__AnonymousType22`5[[System.Guid, System.Private.CoreLib, Version=9.0.0.0, Culture=neutral, PublicKeyToken=7cec85d7bea7798e],[System.String, System.Private.CoreLib, Version=9.0.0.0, Culture=neutral, PublicKeyToken=7cec85d7bea7798e],[System.String, System.Private.CoreLib, Version=9.0.0.0, Culture=neutral, PublicKeyToken=7cec85d7bea7798e],[System.String, System.Private.CoreLib, Version=9.0.0.0, Culture=neutral, PublicKeyToken=7cec85d7bea7798e],[System.Int32, System.Private.CoreLib, Version=9.0.0.0, Culture=neutral, PublicKeyToken=7cec85d7bea7798e]], CloudSafe.Api, Version=1.0.0.0, Culture=neutral, PublicKeyToken=null]]'.
2026-09-13 13:53:42.656 +07:00 [INF] Executed action CloudSafe.Api.Controllers.KeysController.GetPublicKey (CloudSafe.Api) in 15.3745ms
2026-09-13 13:53:42.658 +07:00 [INF] Executed endpoint 'CloudSafe.Api.Controllers.KeysController.GetPublicKey (CloudSafe.Api)'
2026-09-13 13:53:42.659 +07:00 [INF] HTTP GET /api/keys/e5cfda35-3102-49b8-b391-36744840f107/public responded 200 in 25.0403 ms
2026-09-13 13:53:42.661 +07:00 [INF] Request finished HTTP/1.1 GET http://localhost:5000/api/keys/e5cfda35-3102-49b8-b391-36744840f107/public - 200 null application/json; charset=utf-8 30.535ms
2026-09-13 13:53:42.731 +07:00 [INF] Request starting HTTP/1.1 POST http://localhost:5000/api/files/upload - multipart/form-data; boundary=----WebKitFormBoundary1BtACoMwsWjnKtCZ 2501843
2026-09-13 13:53:42.736 +07:00 [INF] CORS policy execution failed.
2026-09-13 13:53:42.737 +07:00 [INF] Request origin http://localhost:5000 does not have permission to access the resource.
2026-09-13 13:53:42.738 +07:00 [INF] Executing endpoint 'CloudSafe.Api.Controllers.FilesController.Upload (CloudSafe.Api)'
2026-09-13 13:53:42.745 +07:00 [INF] Route matched with {action = "Upload", controller = "Files"}. Executing controller action with signature System.Threading.Tasks.Task`1[Microsoft.AspNetCore.Mvc.IActionResult] Upload(Microsoft.AspNetCore.Http.IFormFile, System.String, System.String, System.String, System.String, System.Guid, System.String, System.String) on controller CloudSafe.Api.Controllers.FilesController (CloudSafe.Api).
2026-09-13 13:53:42.814 +07:00 [INF] Executed DbCommand (1ms) [Parameters=[@__keyPairId_0='?' (DbType = Guid), @__CurrentUserId_1='?' (DbType = Guid)], CommandType='"Text"', CommandTimeout='30']
SELECT r."Id", r."Algorithm", r."CreatedAt", r."KeySize", r."Name", r."OwnerId", r."PublicKeyFingerprint", r."PublicKeyPem", r."RevokedAt", r."Status"
FROM "RsaKeyPairs" AS r
WHERE r."Id" = @__keyPairId_0 AND r."OwnerId" = @__CurrentUserId_1 AND r."Status" = 0
LIMIT 1
2026-09-13 13:53:42.920 +07:00 [INF] Executed DbCommand (4ms) [Parameters=[@p0='?' (DbType = Guid), @p1='?', @p2='?', @p3='?' (DbType = DateTime), @p4='?', @p5='?' (DbType = Int64), @p6='?', @p7='?' (DbType = Guid), @p8='?', @p9='?', @p10='?' (DbType = Guid), @p11='?' (DbType = Int32), @p12='?', @p13='?' (DbType = DateTime)], CommandType='"Text"', CommandTimeout='30']
INSERT INTO "EncryptedFiles" ("Id", "Algorithm", "AuthTag", "CreatedAt", "EncryptedAesKey", "FileSizeBytes", "Iv", "KeyPairId", "MimeType", "OriginalName", "OwnerId", "Status", "StoragePath", "UpdatedAt")
VALUES (@p0, @p1, @p2, @p3, @p4, @p5, @p6, @p7, @p8, @p9, @p10, @p11, @p12, @p13);
2026-09-13 13:53:42.961 +07:00 [INF] Executed DbCommand (1ms) [Parameters=[@p0='?' (DbType = Guid), @p1='?', @p2='?' (DbType = DateTime), @p3='?', @p4='?', @p5='?' (DbType = Int32), @p6='?', @p7='?' (DbType = Int32), @p8='?' (DbType = Guid)], CommandType='"Text"', CommandTimeout='30']
INSERT INTO "Notices" ("Id", "Avatar", "CreatedAt", "Description", "Extra", "Status", "Title", "Type", "UserId")
VALUES (@p0, @p1, @p2, @p3, @p4, @p5, @p6, @p7, @p8);
2026-09-13 13:53:42.963 +07:00 [INF] File uploaded: TKB K27_ trinh so.signed.pdf by "00000000-0000-0000-0000-000000000001"
2026-09-13 13:53:42.965 +07:00 [INF] Executing OkObjectResult, writing value of type '<>f__AnonymousType16`2[[System.Boolean, System.Private.CoreLib, Version=9.0.0.0, Culture=neutral, PublicKeyToken=7cec85d7bea7798e],[CloudSafe.Api.DTOs.FileDto, CloudSafe.Api, Version=1.0.0.0, Culture=neutral, PublicKeyToken=null]]'.
2026-09-13 13:53:42.968 +07:00 [INF] Executed action CloudSafe.Api.Controllers.FilesController.Upload (CloudSafe.Api) in 220.3435ms
2026-09-13 13:53:42.969 +07:00 [INF] Executed endpoint 'CloudSafe.Api.Controllers.FilesController.Upload (CloudSafe.Api)'
2026-09-13 13:53:42.970 +07:00 [INF] HTTP POST /api/files/upload responded 200 in 233.6248 ms
2026-09-13 13:53:42.972 +07:00 [INF] Request finished HTTP/1.1 POST http://localhost:5000/api/files/upload - 200 null application/json; charset=utf-8 241.0621ms
2026-09-13 13:53:54.617 +07:00 [INF] Request starting HTTP/1.1 GET http://localhost:5000/api/files?current=1&pageSize=10 - null null
2026-09-13 13:53:54.620 +07:00 [INF] Executing endpoint 'CloudSafe.Api.Controllers.FilesController.List (CloudSafe.Api)'
2026-09-13 13:53:54.622 +07:00 [INF] Route matched with {action = "List", controller = "Files"}. Executing controller action with signature System.Threading.Tasks.Task`1[Microsoft.AspNetCore.Mvc.IActionResult] List(Int32, Int32, System.String, System.Nullable`1[System.Int32]) on controller CloudSafe.Api.Controllers.FilesController (CloudSafe.Api).
2026-09-13 13:53:54.626 +07:00 [INF] Executed DbCommand (1ms) [Parameters=[@__CurrentUserId_0='?' (DbType = Guid)], CommandType='"Text"', CommandTimeout='30']
SELECT count(*)::int
FROM "EncryptedFiles" AS e
WHERE e."OwnerId" = @__CurrentUserId_0 AND e."Status" <> 2
2026-09-13 13:53:54.629 +07:00 [INF] Executed DbCommand (1ms) [Parameters=[@__CurrentUserId_0='?' (DbType = Guid), @__p_2='?' (DbType = Int32), @__p_1='?' (DbType = Int32)], CommandType='"Text"', CommandTimeout='30']
SELECT e0."Id", e0."Algorithm", e0."AuthTag", e0."CreatedAt", e0."EncryptedAesKey", e0."FileSizeBytes", e0."Iv", e0."KeyPairId", e0."MimeType", e0."OriginalName", e0."OwnerId", e0."Status", e0."StoragePath", e0."UpdatedAt", u."Id", u."Address", u."Avatar", u."CreatedAt", u."Email", u."Group", u."Name", u."PasswordHash", u."Phone", u."Role", u."Signature", u."Title", u."UpdatedAt", u."Username"
FROM (
    SELECT e."Id", e."Algorithm", e."AuthTag", e."CreatedAt", e."EncryptedAesKey", e."FileSizeBytes", e."Iv", e."KeyPairId", e."MimeType", e."OriginalName", e."OwnerId", e."Status", e."StoragePath", e."UpdatedAt"
    FROM "EncryptedFiles" AS e
    WHERE e."OwnerId" = @__CurrentUserId_0 AND e."Status" <> 2
    ORDER BY e."CreatedAt" DESC
    LIMIT @__p_2 OFFSET @__p_1
) AS e0
INNER JOIN "Users" AS u ON e0."OwnerId" = u."Id"
ORDER BY e0."CreatedAt" DESC
2026-09-13 13:53:54.635 +07:00 [INF] Executing OkObjectResult, writing value of type '<>f__AnonymousType17`3[[System.Collections.Generic.IEnumerable`1[[CloudSafe.Api.DTOs.FileDto, CloudSafe.Api, Version=1.0.0.0, Culture=neutral, PublicKeyToken=null]], System.Private.CoreLib, Version=9.0.0.0, Culture=neutral, PublicKeyToken=7cec85d7bea7798e],[System.Int32, System.Private.CoreLib, Version=9.0.0.0, Culture=neutral, PublicKeyToken=7cec85d7bea7798e],[System.Boolean, System.Private.CoreLib, Version=9.0.0.0, Culture=neutral, PublicKeyToken=7cec85d7bea7798e]]'.
2026-09-13 13:53:54.637 +07:00 [INF] Executed action CloudSafe.Api.Controllers.FilesController.List (CloudSafe.Api) in 13.4525ms
2026-09-13 13:53:54.639 +07:00 [INF] Executed endpoint 'CloudSafe.Api.Controllers.FilesController.List (CloudSafe.Api)'
2026-09-13 13:53:54.640 +07:00 [INF] HTTP GET /api/files responded 200 in 20.7068 ms
2026-09-13 13:53:54.643 +07:00 [INF] Request finished HTTP/1.1 GET http://localhost:5000/api/files?current=1&pageSize=10 - 200 null application/json; charset=utf-8 26.4738ms
2026-09-13 13:53:59.313 +07:00 [INF] Request starting HTTP/1.1 GET http://localhost:5000/api/files/552c83f7-d0ce-4c43-91a1-742791d74502/download - null null
2026-09-13 13:53:59.317 +07:00 [INF] Executing endpoint 'CloudSafe.Api.Controllers.FilesController.Download (CloudSafe.Api)'
2026-09-13 13:53:59.321 +07:00 [INF] Route matched with {action = "Download", controller = "Files"}. Executing controller action with signature System.Threading.Tasks.Task`1[Microsoft.AspNetCore.Mvc.IActionResult] Download(System.Guid) on controller CloudSafe.Api.Controllers.FilesController (CloudSafe.Api).
2026-09-13 13:53:59.332 +07:00 [INF] Executed DbCommand (1ms) [Parameters=[@__id_0='?' (DbType = Guid)], CommandType='"Text"', CommandTimeout='30']
SELECT e."Id", e."Algorithm", e."AuthTag", e."CreatedAt", e."EncryptedAesKey", e."FileSizeBytes", e."Iv", e."KeyPairId", e."MimeType", e."OriginalName", e."OwnerId", e."Status", e."StoragePath", e."UpdatedAt"
FROM "EncryptedFiles" AS e
WHERE e."Id" = @__id_0
LIMIT 1
2026-09-13 13:53:59.339 +07:00 [INF] Executing PhysicalFileResult, sending file 'C:\Users\TUNG\Downloads\cloudsafe-full\CloudSafe.Api\Storage\0923b01b-e812-48b3-85a9-03335b170fc2.enc' with download name '552c83f7-d0ce-4c43-91a1-742791d74502.enc' ...
2026-09-13 13:53:59.362 +07:00 [INF] Executed action CloudSafe.Api.Controllers.FilesController.Download (CloudSafe.Api) in 38.4634ms
2026-09-13 13:53:59.363 +07:00 [INF] Executed endpoint 'CloudSafe.Api.Controllers.FilesController.Download (CloudSafe.Api)'
2026-09-13 13:53:59.364 +07:00 [INF] HTTP GET /api/files/552c83f7-d0ce-4c43-91a1-742791d74502/download responded 200 in 47.3524 ms
2026-09-13 13:53:59.365 +07:00 [INF] Request finished HTTP/1.1 GET http://localhost:5000/api/files/552c83f7-d0ce-4c43-91a1-742791d74502/download - 200 2500469 application/octet-stream 52.508ms
2026-09-13 13:54:09.083 +07:00 [INF] Request starting HTTP/1.1 GET http://localhost:5000/api/keys - null null
2026-09-13 13:54:09.086 +07:00 [INF] Executing endpoint 'CloudSafe.Api.Controllers.KeysController.List (CloudSafe.Api)'
2026-09-13 13:54:09.087 +07:00 [INF] Route matched with {action = "List", controller = "Keys"}. Executing controller action with signature System.Threading.Tasks.Task`1[Microsoft.AspNetCore.Mvc.IActionResult] List() on controller CloudSafe.Api.Controllers.KeysController (CloudSafe.Api).
2026-09-13 13:54:09.091 +07:00 [INF] Executed DbCommand (1ms) [Parameters=[@__CurrentUserId_0='?' (DbType = Guid)], CommandType='"Text"', CommandTimeout='30']
SELECT r."Id", r."Algorithm", r."CreatedAt", r."KeySize", r."Name", r."OwnerId", r."PublicKeyFingerprint", r."PublicKeyPem", r."RevokedAt", r."Status"
FROM "RsaKeyPairs" AS r
WHERE r."OwnerId" = @__CurrentUserId_0
ORDER BY r."CreatedAt" DESC
2026-09-13 13:54:09.097 +07:00 [INF] Executed DbCommand (1ms) [Parameters=[@__CurrentUserId_0='?' (DbType = Guid)], CommandType='"Text"', CommandTimeout='30']
SELECT e."KeyPairId" AS "KeyId", count(*)::int AS "Count"
FROM "EncryptedFiles" AS e
WHERE e."OwnerId" = @__CurrentUserId_0
GROUP BY e."KeyPairId"
2026-09-13 13:54:09.100 +07:00 [INF] Executing OkObjectResult, writing value of type '<>f__AnonymousType21`2[[System.Collections.Generic.IEnumerable`1[[CloudSafe.Api.DTOs.KeyPairDto, CloudSafe.Api, Version=1.0.0.0, Culture=neutral, PublicKeyToken=null]], System.Private.CoreLib, Version=9.0.0.0, Culture=neutral, PublicKeyToken=7cec85d7bea7798e],[System.Boolean, System.Private.CoreLib, Version=9.0.0.0, Culture=neutral, PublicKeyToken=7cec85d7bea7798e]]'.
2026-09-13 13:54:09.113 +07:00 [INF] Executed action CloudSafe.Api.Controllers.KeysController.List (CloudSafe.Api) in 24.4068ms
2026-09-13 13:54:09.117 +07:00 [INF] Executed endpoint 'CloudSafe.Api.Controllers.KeysController.List (CloudSafe.Api)'
2026-09-13 13:54:09.118 +07:00 [INF] HTTP GET /api/keys responded 200 in 32.2318 ms
2026-09-13 13:54:09.120 +07:00 [INF] Request finished HTTP/1.1 GET http://localhost:5000/api/keys - 200 null application/json; charset=utf-8 37.0364ms
2026-09-13 13:54:19.439 +07:00 [INF] Request starting HTTP/1.1 GET http://localhost:5000/api/keys/e5cfda35-3102-49b8-b391-36744840f107/public - null null
2026-09-13 13:54:19.443 +07:00 [INF] Executing endpoint 'CloudSafe.Api.Controllers.KeysController.GetPublicKey (CloudSafe.Api)'
2026-09-13 13:54:19.444 +07:00 [INF] Route matched with {action = "GetPublicKey", controller = "Keys"}. Executing controller action with signature System.Threading.Tasks.Task`1[Microsoft.AspNetCore.Mvc.IActionResult] GetPublicKey(System.Guid) on controller CloudSafe.Api.Controllers.KeysController (CloudSafe.Api).
2026-09-13 13:54:19.448 +07:00 [INF] Executed DbCommand (1ms) [Parameters=[@__id_0='?' (DbType = Guid)], CommandType='"Text"', CommandTimeout='30']
SELECT r."Id", r."PublicKeyPem", r."PublicKeyFingerprint", r."Algorithm", r."KeySize"
FROM "RsaKeyPairs" AS r
WHERE r."Id" = @__id_0 AND r."Status" = 0
LIMIT 1
2026-09-13 13:54:19.450 +07:00 [INF] Executing OkObjectResult, writing value of type '<>f__AnonymousType7`1[[<>f__AnonymousType22`5[[System.Guid, System.Private.CoreLib, Version=9.0.0.0, Culture=neutral, PublicKeyToken=7cec85d7bea7798e],[System.String, System.Private.CoreLib, Version=9.0.0.0, Culture=neutral, PublicKeyToken=7cec85d7bea7798e],[System.String, System.Private.CoreLib, Version=9.0.0.0, Culture=neutral, PublicKeyToken=7cec85d7bea7798e],[System.String, System.Private.CoreLib, Version=9.0.0.0, Culture=neutral, PublicKeyToken=7cec85d7bea7798e],[System.Int32, System.Private.CoreLib, Version=9.0.0.0, Culture=neutral, PublicKeyToken=7cec85d7bea7798e]], CloudSafe.Api, Version=1.0.0.0, Culture=neutral, PublicKeyToken=null]]'.
2026-09-13 13:54:19.452 +07:00 [INF] Executed action CloudSafe.Api.Controllers.KeysController.GetPublicKey (CloudSafe.Api) in 6.2879ms
2026-09-13 13:54:19.453 +07:00 [INF] Executed endpoint 'CloudSafe.Api.Controllers.KeysController.GetPublicKey (CloudSafe.Api)'
2026-09-13 13:54:19.454 +07:00 [INF] HTTP GET /api/keys/e5cfda35-3102-49b8-b391-36744840f107/public responded 200 in 11.9038 ms
2026-09-13 13:54:19.456 +07:00 [INF] Request finished HTTP/1.1 GET http://localhost:5000/api/keys/e5cfda35-3102-49b8-b391-36744840f107/public - 200 null application/json; charset=utf-8 16.797ms
2026-09-13 13:54:19.511 +07:00 [INF] Request starting HTTP/1.1 POST http://localhost:5000/api/files/upload - multipart/form-data; boundary=----WebKitFormBoundaryx9Q9o9FiMFBNmsqz 22175
2026-09-13 13:54:19.513 +07:00 [INF] CORS policy execution failed.
2026-09-13 13:54:19.514 +07:00 [INF] Request origin http://localhost:5000 does not have permission to access the resource.
2026-09-13 13:54:19.516 +07:00 [INF] Executing endpoint 'CloudSafe.Api.Controllers.FilesController.Upload (CloudSafe.Api)'
2026-09-13 13:54:19.517 +07:00 [INF] Route matched with {action = "Upload", controller = "Files"}. Executing controller action with signature System.Threading.Tasks.Task`1[Microsoft.AspNetCore.Mvc.IActionResult] Upload(Microsoft.AspNetCore.Http.IFormFile, System.String, System.String, System.String, System.String, System.Guid, System.String, System.String) on controller CloudSafe.Api.Controllers.FilesController (CloudSafe.Api).
2026-09-13 13:54:19.522 +07:00 [INF] Executed DbCommand (1ms) [Parameters=[@__keyPairId_0='?' (DbType = Guid), @__CurrentUserId_1='?' (DbType = Guid)], CommandType='"Text"', CommandTimeout='30']
SELECT r."Id", r."Algorithm", r."CreatedAt", r."KeySize", r."Name", r."OwnerId", r."PublicKeyFingerprint", r."PublicKeyPem", r."RevokedAt", r."Status"
FROM "RsaKeyPairs" AS r
WHERE r."Id" = @__keyPairId_0 AND r."OwnerId" = @__CurrentUserId_1 AND r."Status" = 0
LIMIT 1
2026-09-13 13:54:19.528 +07:00 [INF] Executed DbCommand (1ms) [Parameters=[@p0='?' (DbType = Guid), @p1='?', @p2='?', @p3='?' (DbType = DateTime), @p4='?', @p5='?' (DbType = Int64), @p6='?', @p7='?' (DbType = Guid), @p8='?', @p9='?', @p10='?' (DbType = Guid), @p11='?' (DbType = Int32), @p12='?', @p13='?' (DbType = DateTime)], CommandType='"Text"', CommandTimeout='30']
INSERT INTO "EncryptedFiles" ("Id", "Algorithm", "AuthTag", "CreatedAt", "EncryptedAesKey", "FileSizeBytes", "Iv", "KeyPairId", "MimeType", "OriginalName", "OwnerId", "Status", "StoragePath", "UpdatedAt")
VALUES (@p0, @p1, @p2, @p3, @p4, @p5, @p6, @p7, @p8, @p9, @p10, @p11, @p12, @p13);
2026-09-13 13:54:19.532 +07:00 [INF] Executed DbCommand (1ms) [Parameters=[@p0='?' (DbType = Guid), @p1='?', @p2='?' (DbType = DateTime), @p3='?', @p4='?', @p5='?' (DbType = Int32), @p6='?', @p7='?' (DbType = Int32), @p8='?' (DbType = Guid)], CommandType='"Text"', CommandTimeout='30']
INSERT INTO "Notices" ("Id", "Avatar", "CreatedAt", "Description", "Extra", "Status", "Title", "Type", "UserId")
VALUES (@p0, @p1, @p2, @p3, @p4, @p5, @p6, @p7, @p8);
2026-09-13 13:54:19.534 +07:00 [INF] File uploaded: XÂY DỰNG CHƯƠNG TRÌNH DEMO BÀI TOÁN.docx by "00000000-0000-0000-0000-000000000001"
2026-09-13 13:54:19.535 +07:00 [INF] Executing OkObjectResult, writing value of type '<>f__AnonymousType16`2[[System.Boolean, System.Private.CoreLib, Version=9.0.0.0, Culture=neutral, PublicKeyToken=7cec85d7bea7798e],[CloudSafe.Api.DTOs.FileDto, CloudSafe.Api, Version=1.0.0.0, Culture=neutral, PublicKeyToken=null]]'.
2026-09-13 13:54:19.537 +07:00 [INF] Executed action CloudSafe.Api.Controllers.FilesController.Upload (CloudSafe.Api) in 18.0861ms
2026-09-13 13:54:19.538 +07:00 [INF] Executed endpoint 'CloudSafe.Api.Controllers.FilesController.Upload (CloudSafe.Api)'
2026-09-13 13:54:19.539 +07:00 [INF] HTTP POST /api/files/upload responded 200 in 25.5277 ms
2026-09-13 13:54:19.541 +07:00 [INF] Request finished HTTP/1.1 POST http://localhost:5000/api/files/upload - 200 null application/json; charset=utf-8 29.5341ms
2026-09-13 13:55:09.050 +07:00 [INF] Request starting HTTP/1.1 GET http://localhost:5000/api/files?current=1&pageSize=10 - null null
2026-09-13 13:55:09.053 +07:00 [INF] Executing endpoint 'CloudSafe.Api.Controllers.FilesController.List (CloudSafe.Api)'
2026-09-13 13:55:09.055 +07:00 [INF] Route matched with {action = "List", controller = "Files"}. Executing controller action with signature System.Threading.Tasks.Task`1[Microsoft.AspNetCore.Mvc.IActionResult] List(Int32, Int32, System.String, System.Nullable`1[System.Int32]) on controller CloudSafe.Api.Controllers.FilesController (CloudSafe.Api).
2026-09-13 13:55:09.060 +07:00 [INF] Executed DbCommand (1ms) [Parameters=[@__CurrentUserId_0='?' (DbType = Guid)], CommandType='"Text"', CommandTimeout='30']
SELECT count(*)::int
FROM "EncryptedFiles" AS e
WHERE e."OwnerId" = @__CurrentUserId_0 AND e."Status" <> 2
2026-09-13 13:55:09.064 +07:00 [INF] Executed DbCommand (2ms) [Parameters=[@__CurrentUserId_0='?' (DbType = Guid), @__p_2='?' (DbType = Int32), @__p_1='?' (DbType = Int32)], CommandType='"Text"', CommandTimeout='30']
SELECT e0."Id", e0."Algorithm", e0."AuthTag", e0."CreatedAt", e0."EncryptedAesKey", e0."FileSizeBytes", e0."Iv", e0."KeyPairId", e0."MimeType", e0."OriginalName", e0."OwnerId", e0."Status", e0."StoragePath", e0."UpdatedAt", u."Id", u."Address", u."Avatar", u."CreatedAt", u."Email", u."Group", u."Name", u."PasswordHash", u."Phone", u."Role", u."Signature", u."Title", u."UpdatedAt", u."Username"
FROM (
    SELECT e."Id", e."Algorithm", e."AuthTag", e."CreatedAt", e."EncryptedAesKey", e."FileSizeBytes", e."Iv", e."KeyPairId", e."MimeType", e."OriginalName", e."OwnerId", e."Status", e."StoragePath", e."UpdatedAt"
    FROM "EncryptedFiles" AS e
    WHERE e."OwnerId" = @__CurrentUserId_0 AND e."Status" <> 2
    ORDER BY e."CreatedAt" DESC
    LIMIT @__p_2 OFFSET @__p_1
) AS e0
INNER JOIN "Users" AS u ON e0."OwnerId" = u."Id"
ORDER BY e0."CreatedAt" DESC
2026-09-13 13:55:09.067 +07:00 [INF] Executing OkObjectResult, writing value of type '<>f__AnonymousType17`3[[System.Collections.Generic.IEnumerable`1[[CloudSafe.Api.DTOs.FileDto, CloudSafe.Api, Version=1.0.0.0, Culture=neutral, PublicKeyToken=null]], System.Private.CoreLib, Version=9.0.0.0, Culture=neutral, PublicKeyToken=7cec85d7bea7798e],[System.Int32, System.Private.CoreLib, Version=9.0.0.0, Culture=neutral, PublicKeyToken=7cec85d7bea7798e],[System.Boolean, System.Private.CoreLib, Version=9.0.0.0, Culture=neutral, PublicKeyToken=7cec85d7bea7798e]]'.
2026-09-13 13:55:09.069 +07:00 [INF] Executed action CloudSafe.Api.Controllers.FilesController.List (CloudSafe.Api) in 11.9324ms
2026-09-13 13:55:09.071 +07:00 [INF] Executed endpoint 'CloudSafe.Api.Controllers.FilesController.List (CloudSafe.Api)'
2026-09-13 13:55:09.072 +07:00 [INF] HTTP GET /api/files responded 200 in 19.3238 ms
2026-09-13 13:55:09.074 +07:00 [INF] Request finished HTTP/1.1 GET http://localhost:5000/api/files?current=1&pageSize=10 - 200 null application/json; charset=utf-8 24.4011ms
2026-09-13 13:55:39.664 +07:00 [INF] Request starting HTTP/1.1 GET http://localhost:5000/api/files?current=1&pageSize=10 - null null
2026-09-13 13:55:39.667 +07:00 [INF] Executing endpoint 'CloudSafe.Api.Controllers.FilesController.List (CloudSafe.Api)'
2026-09-13 13:55:39.669 +07:00 [INF] Route matched with {action = "List", controller = "Files"}. Executing controller action with signature System.Threading.Tasks.Task`1[Microsoft.AspNetCore.Mvc.IActionResult] List(Int32, Int32, System.String, System.Nullable`1[System.Int32]) on controller CloudSafe.Api.Controllers.FilesController (CloudSafe.Api).
2026-09-13 13:55:39.673 +07:00 [INF] Executed DbCommand (1ms) [Parameters=[@__CurrentUserId_0='?' (DbType = Guid)], CommandType='"Text"', CommandTimeout='30']
SELECT count(*)::int
FROM "EncryptedFiles" AS e
WHERE e."OwnerId" = @__CurrentUserId_0 AND e."Status" <> 2
2026-09-13 13:55:39.677 +07:00 [INF] Executed DbCommand (1ms) [Parameters=[@__CurrentUserId_0='?' (DbType = Guid), @__p_2='?' (DbType = Int32), @__p_1='?' (DbType = Int32)], CommandType='"Text"', CommandTimeout='30']
SELECT e0."Id", e0."Algorithm", e0."AuthTag", e0."CreatedAt", e0."EncryptedAesKey", e0."FileSizeBytes", e0."Iv", e0."KeyPairId", e0."MimeType", e0."OriginalName", e0."OwnerId", e0."Status", e0."StoragePath", e0."UpdatedAt", u."Id", u."Address", u."Avatar", u."CreatedAt", u."Email", u."Group", u."Name", u."PasswordHash", u."Phone", u."Role", u."Signature", u."Title", u."UpdatedAt", u."Username"
FROM (
    SELECT e."Id", e."Algorithm", e."AuthTag", e."CreatedAt", e."EncryptedAesKey", e."FileSizeBytes", e."Iv", e."KeyPairId", e."MimeType", e."OriginalName", e."OwnerId", e."Status", e."StoragePath", e."UpdatedAt"
    FROM "EncryptedFiles" AS e
    WHERE e."OwnerId" = @__CurrentUserId_0 AND e."Status" <> 2
    ORDER BY e."CreatedAt" DESC
    LIMIT @__p_2 OFFSET @__p_1
) AS e0
INNER JOIN "Users" AS u ON e0."OwnerId" = u."Id"
ORDER BY e0."CreatedAt" DESC
2026-09-13 13:55:39.679 +07:00 [INF] Executing OkObjectResult, writing value of type '<>f__AnonymousType17`3[[System.Collections.Generic.IEnumerable`1[[CloudSafe.Api.DTOs.FileDto, CloudSafe.Api, Version=1.0.0.0, Culture=neutral, PublicKeyToken=null]], System.Private.CoreLib, Version=9.0.0.0, Culture=neutral, PublicKeyToken=7cec85d7bea7798e],[System.Int32, System.Private.CoreLib, Version=9.0.0.0, Culture=neutral, PublicKeyToken=7cec85d7bea7798e],[System.Boolean, System.Private.CoreLib, Version=9.0.0.0, Culture=neutral, PublicKeyToken=7cec85d7bea7798e]]'.
2026-09-13 13:55:39.681 +07:00 [INF] Executed action CloudSafe.Api.Controllers.FilesController.List (CloudSafe.Api) in 10.3517ms
2026-09-13 13:55:39.682 +07:00 [INF] Executed endpoint 'CloudSafe.Api.Controllers.FilesController.List (CloudSafe.Api)'
2026-09-13 13:55:39.683 +07:00 [INF] HTTP GET /api/files responded 200 in 16.0958 ms
2026-09-13 13:55:39.684 +07:00 [INF] Request finished HTTP/1.1 GET http://localhost:5000/api/files?current=1&pageSize=10 - 200 null application/json; charset=utf-8 20.4658ms
2026-09-13 13:55:40.394 +07:00 [INF] Request starting HTTP/1.1 GET http://localhost:5000/api/files/0c408a58-ea0b-4e6e-8f87-b329f5cb4b09/download - null null
2026-09-13 13:55:40.398 +07:00 [INF] Executing endpoint 'CloudSafe.Api.Controllers.FilesController.Download (CloudSafe.Api)'
2026-09-13 13:55:40.399 +07:00 [INF] Route matched with {action = "Download", controller = "Files"}. Executing controller action with signature System.Threading.Tasks.Task`1[Microsoft.AspNetCore.Mvc.IActionResult] Download(System.Guid) on controller CloudSafe.Api.Controllers.FilesController (CloudSafe.Api).
2026-09-13 13:55:40.404 +07:00 [INF] Executed DbCommand (1ms) [Parameters=[@__id_0='?' (DbType = Guid)], CommandType='"Text"', CommandTimeout='30']
SELECT e."Id", e."Algorithm", e."AuthTag", e."CreatedAt", e."EncryptedAesKey", e."FileSizeBytes", e."Iv", e."KeyPairId", e."MimeType", e."OriginalName", e."OwnerId", e."Status", e."StoragePath", e."UpdatedAt"
FROM "EncryptedFiles" AS e
WHERE e."Id" = @__id_0
LIMIT 1
2026-09-13 13:55:40.407 +07:00 [INF] Executing PhysicalFileResult, sending file 'C:\Users\TUNG\Downloads\cloudsafe-full\CloudSafe.Api\Storage\889065f1-88e9-4e04-bf62-ff27da75e638.enc' with download name '0c408a58-ea0b-4e6e-8f87-b329f5cb4b09.enc' ...
2026-09-13 13:55:40.411 +07:00 [INF] Executed action CloudSafe.Api.Controllers.FilesController.Download (CloudSafe.Api) in 9.2801ms
2026-09-13 13:55:40.412 +07:00 [INF] Executed endpoint 'CloudSafe.Api.Controllers.FilesController.Download (CloudSafe.Api)'
2026-09-13 13:55:40.413 +07:00 [INF] HTTP GET /api/files/0c408a58-ea0b-4e6e-8f87-b329f5cb4b09/download responded 200 in 15.5018 ms
2026-09-13 13:55:40.416 +07:00 [INF] Request finished HTTP/1.1 GET http://localhost:5000/api/files/0c408a58-ea0b-4e6e-8f87-b329f5cb4b09/download - 200 20705 application/octet-stream 21.4876ms
2026-09-13 13:55:48.058 +07:00 [INF] Request starting HTTP/1.1 DELETE http://localhost:5000/api/files/0c408a58-ea0b-4e6e-8f87-b329f5cb4b09 - null 0
2026-09-13 13:55:48.061 +07:00 [INF] CORS policy execution failed.
2026-09-13 13:55:48.062 +07:00 [INF] Request origin http://localhost:5000 does not have permission to access the resource.
2026-09-13 13:55:48.063 +07:00 [INF] Executing endpoint 'CloudSafe.Api.Controllers.FilesController.Delete (CloudSafe.Api)'
2026-09-13 13:55:48.069 +07:00 [INF] Route matched with {action = "Delete", controller = "Files"}. Executing controller action with signature System.Threading.Tasks.Task`1[Microsoft.AspNetCore.Mvc.IActionResult] Delete(System.Guid) on controller CloudSafe.Api.Controllers.FilesController (CloudSafe.Api).
2026-09-13 13:55:48.080 +07:00 [INF] Executed DbCommand (1ms) [Parameters=[@__id_0='?' (DbType = Guid), @__CurrentUserId_1='?' (DbType = Guid)], CommandType='"Text"', CommandTimeout='30']
SELECT e."Id", e."Algorithm", e."AuthTag", e."CreatedAt", e."EncryptedAesKey", e."FileSizeBytes", e."Iv", e."KeyPairId", e."MimeType", e."OriginalName", e."OwnerId", e."Status", e."StoragePath", e."UpdatedAt"
FROM "EncryptedFiles" AS e
WHERE e."Id" = @__id_0 AND e."OwnerId" = @__CurrentUserId_1
LIMIT 1
2026-09-13 13:55:48.091 +07:00 [INF] Executed DbCommand (2ms) [Parameters=[@p2='?' (DbType = Guid), @p0='?' (DbType = Int32), @p1='?' (DbType = DateTime)], CommandType='"Text"', CommandTimeout='30']
UPDATE "EncryptedFiles" SET "Status" = @p0, "UpdatedAt" = @p1
WHERE "Id" = @p2;
2026-09-13 13:55:48.094 +07:00 [INF] Executing OkObjectResult, writing value of type '<>f__AnonymousType1`1[[System.Boolean, System.Private.CoreLib, Version=9.0.0.0, Culture=neutral, PublicKeyToken=7cec85d7bea7798e]]'.
2026-09-13 13:55:48.095 +07:00 [INF] Executed action CloudSafe.Api.Controllers.FilesController.Delete (CloudSafe.Api) in 23.7693ms
2026-09-13 13:55:48.096 +07:00 [INF] Executed endpoint 'CloudSafe.Api.Controllers.FilesController.Delete (CloudSafe.Api)'
2026-09-13 13:55:48.097 +07:00 [INF] HTTP DELETE /api/files/0c408a58-ea0b-4e6e-8f87-b329f5cb4b09 responded 200 in 36.6504 ms
2026-09-13 13:55:48.099 +07:00 [INF] Request finished HTTP/1.1 DELETE http://localhost:5000/api/files/0c408a58-ea0b-4e6e-8f87-b329f5cb4b09 - 200 null application/json; charset=utf-8 41.0626ms
2026-09-13 13:55:48.130 +07:00 [INF] Request starting HTTP/1.1 GET http://localhost:5000/api/files?current=1&pageSize=10 - null null
2026-09-13 13:55:48.134 +07:00 [INF] Executing endpoint 'CloudSafe.Api.Controllers.FilesController.List (CloudSafe.Api)'
2026-09-13 13:55:48.135 +07:00 [INF] Route matched with {action = "List", controller = "Files"}. Executing controller action with signature System.Threading.Tasks.Task`1[Microsoft.AspNetCore.Mvc.IActionResult] List(Int32, Int32, System.String, System.Nullable`1[System.Int32]) on controller CloudSafe.Api.Controllers.FilesController (CloudSafe.Api).
2026-09-13 13:55:48.139 +07:00 [INF] Executed DbCommand (1ms) [Parameters=[@__CurrentUserId_0='?' (DbType = Guid)], CommandType='"Text"', CommandTimeout='30']
SELECT count(*)::int
FROM "EncryptedFiles" AS e
WHERE e."OwnerId" = @__CurrentUserId_0 AND e."Status" <> 2
2026-09-13 13:55:48.143 +07:00 [INF] Executed DbCommand (1ms) [Parameters=[@__CurrentUserId_0='?' (DbType = Guid), @__p_2='?' (DbType = Int32), @__p_1='?' (DbType = Int32)], CommandType='"Text"', CommandTimeout='30']
SELECT e0."Id", e0."Algorithm", e0."AuthTag", e0."CreatedAt", e0."EncryptedAesKey", e0."FileSizeBytes", e0."Iv", e0."KeyPairId", e0."MimeType", e0."OriginalName", e0."OwnerId", e0."Status", e0."StoragePath", e0."UpdatedAt", u."Id", u."Address", u."Avatar", u."CreatedAt", u."Email", u."Group", u."Name", u."PasswordHash", u."Phone", u."Role", u."Signature", u."Title", u."UpdatedAt", u."Username"
FROM (
    SELECT e."Id", e."Algorithm", e."AuthTag", e."CreatedAt", e."EncryptedAesKey", e."FileSizeBytes", e."Iv", e."KeyPairId", e."MimeType", e."OriginalName", e."OwnerId", e."Status", e."StoragePath", e."UpdatedAt"
    FROM "EncryptedFiles" AS e
    WHERE e."OwnerId" = @__CurrentUserId_0 AND e."Status" <> 2
    ORDER BY e."CreatedAt" DESC
    LIMIT @__p_2 OFFSET @__p_1
) AS e0
INNER JOIN "Users" AS u ON e0."OwnerId" = u."Id"
ORDER BY e0."CreatedAt" DESC
2026-09-13 13:55:48.145 +07:00 [INF] Executing OkObjectResult, writing value of type '<>f__AnonymousType17`3[[System.Collections.Generic.IEnumerable`1[[CloudSafe.Api.DTOs.FileDto, CloudSafe.Api, Version=1.0.0.0, Culture=neutral, PublicKeyToken=null]], System.Private.CoreLib, Version=9.0.0.0, Culture=neutral, PublicKeyToken=7cec85d7bea7798e],[System.Int32, System.Private.CoreLib, Version=9.0.0.0, Culture=neutral, PublicKeyToken=7cec85d7bea7798e],[System.Boolean, System.Private.CoreLib, Version=9.0.0.0, Culture=neutral, PublicKeyToken=7cec85d7bea7798e]]'.
2026-09-13 13:55:48.147 +07:00 [INF] Executed action CloudSafe.Api.Controllers.FilesController.List (CloudSafe.Api) in 10.2631ms
2026-09-13 13:55:48.148 +07:00 [INF] Executed endpoint 'CloudSafe.Api.Controllers.FilesController.List (CloudSafe.Api)'
2026-09-13 13:55:48.149 +07:00 [INF] HTTP GET /api/files responded 200 in 15.5802 ms
2026-09-13 13:55:48.151 +07:00 [INF] Request finished HTTP/1.1 GET http://localhost:5000/api/files?current=1&pageSize=10 - 200 null application/json; charset=utf-8 20.4015ms
2026-09-13 13:55:52.126 +07:00 [INF] Request starting HTTP/1.1 GET http://localhost:5000/api/keys - null null
2026-09-13 13:55:52.129 +07:00 [INF] Executing endpoint 'CloudSafe.Api.Controllers.KeysController.List (CloudSafe.Api)'
2026-09-13 13:55:52.130 +07:00 [INF] Route matched with {action = "List", controller = "Keys"}. Executing controller action with signature System.Threading.Tasks.Task`1[Microsoft.AspNetCore.Mvc.IActionResult] List() on controller CloudSafe.Api.Controllers.KeysController (CloudSafe.Api).
2026-09-13 13:55:52.135 +07:00 [INF] Executed DbCommand (1ms) [Parameters=[@__CurrentUserId_0='?' (DbType = Guid)], CommandType='"Text"', CommandTimeout='30']
SELECT r."Id", r."Algorithm", r."CreatedAt", r."KeySize", r."Name", r."OwnerId", r."PublicKeyFingerprint", r."PublicKeyPem", r."RevokedAt", r."Status"
FROM "RsaKeyPairs" AS r
WHERE r."OwnerId" = @__CurrentUserId_0
ORDER BY r."CreatedAt" DESC
2026-09-13 13:55:52.138 +07:00 [INF] Executed DbCommand (1ms) [Parameters=[@__CurrentUserId_0='?' (DbType = Guid)], CommandType='"Text"', CommandTimeout='30']
SELECT e."KeyPairId" AS "KeyId", count(*)::int AS "Count"
FROM "EncryptedFiles" AS e
WHERE e."OwnerId" = @__CurrentUserId_0
GROUP BY e."KeyPairId"
2026-09-13 13:55:52.141 +07:00 [INF] Executing OkObjectResult, writing value of type '<>f__AnonymousType21`2[[System.Collections.Generic.IEnumerable`1[[CloudSafe.Api.DTOs.KeyPairDto, CloudSafe.Api, Version=1.0.0.0, Culture=neutral, PublicKeyToken=null]], System.Private.CoreLib, Version=9.0.0.0, Culture=neutral, PublicKeyToken=7cec85d7bea7798e],[System.Boolean, System.Private.CoreLib, Version=9.0.0.0, Culture=neutral, PublicKeyToken=7cec85d7bea7798e]]'.
2026-09-13 13:55:52.145 +07:00 [INF] Executed action CloudSafe.Api.Controllers.KeysController.List (CloudSafe.Api) in 13.0285ms
2026-09-13 13:55:52.147 +07:00 [INF] Executed endpoint 'CloudSafe.Api.Controllers.KeysController.List (CloudSafe.Api)'
2026-09-13 13:55:52.148 +07:00 [INF] HTTP GET /api/keys responded 200 in 19.1320 ms
2026-09-13 13:55:52.150 +07:00 [INF] Request finished HTTP/1.1 GET http://localhost:5000/api/keys - 200 null application/json; charset=utf-8 23.6446ms
2026-09-13 13:55:56.231 +07:00 [INF] Request starting HTTP/1.1 GET http://localhost:5000/api/rule?current=1&pageSize=20 - null null
2026-09-13 13:55:56.235 +07:00 [INF] Executing endpoint 'CloudSafe.Api.Controllers.RuleController.List (CloudSafe.Api)'
2026-09-13 13:55:56.236 +07:00 [INF] Route matched with {action = "List", controller = "Rule"}. Executing controller action with signature System.Threading.Tasks.Task`1[Microsoft.AspNetCore.Mvc.IActionResult] List(Int32, Int32, System.String) on controller CloudSafe.Api.Controllers.RuleController (CloudSafe.Api).
2026-09-13 13:55:56.240 +07:00 [INF] Executed DbCommand (1ms) [Parameters=[@__CurrentUserId_0='?' (DbType = Guid)], CommandType='"Text"', CommandTimeout='30']
SELECT count(*)::int
FROM "EncryptedFiles" AS e
WHERE e."OwnerId" = @__CurrentUserId_0 AND e."Status" <> 2
2026-09-13 13:55:56.244 +07:00 [INF] Executed DbCommand (1ms) [Parameters=[@__CurrentUserId_0='?' (DbType = Guid), @__p_2='?' (DbType = Int32), @__p_1='?' (DbType = Int32)], CommandType='"Text"', CommandTimeout='30']
SELECT e0."Id", e0."Algorithm", e0."AuthTag", e0."CreatedAt", e0."EncryptedAesKey", e0."FileSizeBytes", e0."Iv", e0."KeyPairId", e0."MimeType", e0."OriginalName", e0."OwnerId", e0."Status", e0."StoragePath", e0."UpdatedAt", u."Id", u."Address", u."Avatar", u."CreatedAt", u."Email", u."Group", u."Name", u."PasswordHash", u."Phone", u."Role", u."Signature", u."Title", u."UpdatedAt", u."Username"
FROM (
    SELECT e."Id", e."Algorithm", e."AuthTag", e."CreatedAt", e."EncryptedAesKey", e."FileSizeBytes", e."Iv", e."KeyPairId", e."MimeType", e."OriginalName", e."OwnerId", e."Status", e."StoragePath", e."UpdatedAt"
    FROM "EncryptedFiles" AS e
    WHERE e."OwnerId" = @__CurrentUserId_0 AND e."Status" <> 2
    ORDER BY e."CreatedAt" DESC
    LIMIT @__p_2 OFFSET @__p_1
) AS e0
INNER JOIN "Users" AS u ON e0."OwnerId" = u."Id"
ORDER BY e0."CreatedAt" DESC
2026-09-13 13:55:56.248 +07:00 [INF] Executing OkObjectResult, writing value of type 'CloudSafe.Api.DTOs.TableListResult'.
2026-09-13 13:55:56.251 +07:00 [INF] Executed action CloudSafe.Api.Controllers.RuleController.List (CloudSafe.Api) in 12.8519ms
2026-09-13 13:55:56.252 +07:00 [INF] Executed endpoint 'CloudSafe.Api.Controllers.RuleController.List (CloudSafe.Api)'
2026-09-13 13:55:56.254 +07:00 [INF] HTTP GET /api/rule responded 200 in 19.4533 ms
2026-09-13 13:55:56.255 +07:00 [INF] Request finished HTTP/1.1 GET http://localhost:5000/api/rule?current=1&pageSize=20 - 200 null application/json; charset=utf-8 24.3314ms
2026-09-13 13:56:08.643 +07:00 [INF] Request starting HTTP/1.1 POST http://localhost:5000/api/rule - application/json 38
2026-09-13 13:56:08.646 +07:00 [INF] CORS policy execution failed.
2026-09-13 13:56:08.648 +07:00 [INF] Request origin http://localhost:5000 does not have permission to access the resource.
2026-09-13 13:56:08.649 +07:00 [INF] Executing endpoint 'CloudSafe.Api.Controllers.RuleController.Mutate (CloudSafe.Api)'
2026-09-13 13:56:08.653 +07:00 [INF] Route matched with {action = "Mutate", controller = "Rule"}. Executing controller action with signature System.Threading.Tasks.Task`1[Microsoft.AspNetCore.Mvc.IActionResult] Mutate(CloudSafe.Api.Controllers.RuleMutateRequest) on controller CloudSafe.Api.Controllers.RuleController (CloudSafe.Api).
2026-09-13 13:56:08.662 +07:00 [INF] Executing OkObjectResult, writing value of type '<>f__AnonymousType1`1[[System.Boolean, System.Private.CoreLib, Version=9.0.0.0, Culture=neutral, PublicKeyToken=7cec85d7bea7798e]]'.
2026-09-13 13:56:08.664 +07:00 [INF] Executed action CloudSafe.Api.Controllers.RuleController.Mutate (CloudSafe.Api) in 8.5912ms
2026-09-13 13:56:08.666 +07:00 [INF] Executed endpoint 'CloudSafe.Api.Controllers.RuleController.Mutate (CloudSafe.Api)'
2026-09-13 13:56:08.667 +07:00 [INF] HTTP POST /api/rule responded 200 in 20.4312 ms
2026-09-13 13:56:08.669 +07:00 [INF] Request finished HTTP/1.1 POST http://localhost:5000/api/rule - 200 null application/json; charset=utf-8 25.2169ms
2026-09-13 13:56:08.851 +07:00 [INF] Request starting HTTP/1.1 GET http://localhost:5000/api/rule?current=1&pageSize=20 - null null
2026-09-13 13:56:08.855 +07:00 [INF] Executing endpoint 'CloudSafe.Api.Controllers.RuleController.List (CloudSafe.Api)'
2026-09-13 13:56:08.856 +07:00 [INF] Route matched with {action = "List", controller = "Rule"}. Executing controller action with signature System.Threading.Tasks.Task`1[Microsoft.AspNetCore.Mvc.IActionResult] List(Int32, Int32, System.String) on controller CloudSafe.Api.Controllers.RuleController (CloudSafe.Api).
2026-09-13 13:56:08.859 +07:00 [INF] Executed DbCommand (1ms) [Parameters=[@__CurrentUserId_0='?' (DbType = Guid)], CommandType='"Text"', CommandTimeout='30']
SELECT count(*)::int
FROM "EncryptedFiles" AS e
WHERE e."OwnerId" = @__CurrentUserId_0 AND e."Status" <> 2
2026-09-13 13:56:08.864 +07:00 [INF] Executed DbCommand (1ms) [Parameters=[@__CurrentUserId_0='?' (DbType = Guid), @__p_2='?' (DbType = Int32), @__p_1='?' (DbType = Int32)], CommandType='"Text"', CommandTimeout='30']
SELECT e0."Id", e0."Algorithm", e0."AuthTag", e0."CreatedAt", e0."EncryptedAesKey", e0."FileSizeBytes", e0."Iv", e0."KeyPairId", e0."MimeType", e0."OriginalName", e0."OwnerId", e0."Status", e0."StoragePath", e0."UpdatedAt", u."Id", u."Address", u."Avatar", u."CreatedAt", u."Email", u."Group", u."Name", u."PasswordHash", u."Phone", u."Role", u."Signature", u."Title", u."UpdatedAt", u."Username"
FROM (
    SELECT e."Id", e."Algorithm", e."AuthTag", e."CreatedAt", e."EncryptedAesKey", e."FileSizeBytes", e."Iv", e."KeyPairId", e."MimeType", e."OriginalName", e."OwnerId", e."Status", e."StoragePath", e."UpdatedAt"
    FROM "EncryptedFiles" AS e
    WHERE e."OwnerId" = @__CurrentUserId_0 AND e."Status" <> 2
    ORDER BY e."CreatedAt" DESC
    LIMIT @__p_2 OFFSET @__p_1
) AS e0
INNER JOIN "Users" AS u ON e0."OwnerId" = u."Id"
ORDER BY e0."CreatedAt" DESC
2026-09-13 13:56:08.866 +07:00 [INF] Executing OkObjectResult, writing value of type 'CloudSafe.Api.DTOs.TableListResult'.
2026-09-13 13:56:08.868 +07:00 [INF] Executed action CloudSafe.Api.Controllers.RuleController.List (CloudSafe.Api) in 10.8285ms
2026-09-13 13:56:08.869 +07:00 [INF] Executed endpoint 'CloudSafe.Api.Controllers.RuleController.List (CloudSafe.Api)'
2026-09-13 13:56:08.870 +07:00 [INF] HTTP GET /api/rule responded 200 in 15.9344 ms
2026-09-13 13:56:08.872 +07:00 [INF] Request finished HTTP/1.1 GET http://localhost:5000/api/rule?current=1&pageSize=20 - 200 null application/json; charset=utf-8 20.2869ms
2026-09-13 13:56:12.776 +07:00 [INF] Request starting HTTP/1.1 POST http://localhost:5000/api/rule - application/json 38
2026-09-13 13:56:12.779 +07:00 [INF] CORS policy execution failed.
2026-09-13 13:56:12.780 +07:00 [INF] Request origin http://localhost:5000 does not have permission to access the resource.
2026-09-13 13:56:12.782 +07:00 [INF] Executing endpoint 'CloudSafe.Api.Controllers.RuleController.Mutate (CloudSafe.Api)'
2026-09-13 13:56:12.783 +07:00 [INF] Route matched with {action = "Mutate", controller = "Rule"}. Executing controller action with signature System.Threading.Tasks.Task`1[Microsoft.AspNetCore.Mvc.IActionResult] Mutate(CloudSafe.Api.Controllers.RuleMutateRequest) on controller CloudSafe.Api.Controllers.RuleController (CloudSafe.Api).
2026-09-13 13:56:12.785 +07:00 [INF] Executing OkObjectResult, writing value of type '<>f__AnonymousType1`1[[System.Boolean, System.Private.CoreLib, Version=9.0.0.0, Culture=neutral, PublicKeyToken=7cec85d7bea7798e]]'.
2026-09-13 13:56:12.787 +07:00 [INF] Executed action CloudSafe.Api.Controllers.RuleController.Mutate (CloudSafe.Api) in 2.2707ms
2026-09-13 13:56:12.788 +07:00 [INF] Executed endpoint 'CloudSafe.Api.Controllers.RuleController.Mutate (CloudSafe.Api)'
2026-09-13 13:56:12.789 +07:00 [INF] HTTP POST /api/rule responded 200 in 10.0767 ms
2026-09-13 13:56:12.791 +07:00 [INF] Request finished HTTP/1.1 POST http://localhost:5000/api/rule - 200 null application/json; charset=utf-8 14.7972ms
2026-09-13 13:56:12.965 +07:00 [INF] Request starting HTTP/1.1 GET http://localhost:5000/api/rule?current=1&pageSize=20 - null null
2026-09-13 13:56:12.968 +07:00 [INF] Executing endpoint 'CloudSafe.Api.Controllers.RuleController.List (CloudSafe.Api)'
2026-09-13 13:56:12.969 +07:00 [INF] Route matched with {action = "List", controller = "Rule"}. Executing controller action with signature System.Threading.Tasks.Task`1[Microsoft.AspNetCore.Mvc.IActionResult] List(Int32, Int32, System.String) on controller CloudSafe.Api.Controllers.RuleController (CloudSafe.Api).
2026-09-13 13:56:12.973 +07:00 [INF] Executed DbCommand (1ms) [Parameters=[@__CurrentUserId_0='?' (DbType = Guid)], CommandType='"Text"', CommandTimeout='30']
SELECT count(*)::int
FROM "EncryptedFiles" AS e
WHERE e."OwnerId" = @__CurrentUserId_0 AND e."Status" <> 2
2026-09-13 13:56:12.976 +07:00 [INF] Executed DbCommand (1ms) [Parameters=[@__CurrentUserId_0='?' (DbType = Guid), @__p_2='?' (DbType = Int32), @__p_1='?' (DbType = Int32)], CommandType='"Text"', CommandTimeout='30']
SELECT e0."Id", e0."Algorithm", e0."AuthTag", e0."CreatedAt", e0."EncryptedAesKey", e0."FileSizeBytes", e0."Iv", e0."KeyPairId", e0."MimeType", e0."OriginalName", e0."OwnerId", e0."Status", e0."StoragePath", e0."UpdatedAt", u."Id", u."Address", u."Avatar", u."CreatedAt", u."Email", u."Group", u."Name", u."PasswordHash", u."Phone", u."Role", u."Signature", u."Title", u."UpdatedAt", u."Username"
FROM (
    SELECT e."Id", e."Algorithm", e."AuthTag", e."CreatedAt", e."EncryptedAesKey", e."FileSizeBytes", e."Iv", e."KeyPairId", e."MimeType", e."OriginalName", e."OwnerId", e."Status", e."StoragePath", e."UpdatedAt"
    FROM "EncryptedFiles" AS e
    WHERE e."OwnerId" = @__CurrentUserId_0 AND e."Status" <> 2
    ORDER BY e."CreatedAt" DESC
    LIMIT @__p_2 OFFSET @__p_1
) AS e0
INNER JOIN "Users" AS u ON e0."OwnerId" = u."Id"
ORDER BY e0."CreatedAt" DESC
2026-09-13 13:56:12.979 +07:00 [INF] Executing OkObjectResult, writing value of type 'CloudSafe.Api.DTOs.TableListResult'.
2026-09-13 13:56:12.981 +07:00 [INF] Executed action CloudSafe.Api.Controllers.RuleController.List (CloudSafe.Api) in 9.9542ms
2026-09-13 13:56:12.982 +07:00 [INF] Executed endpoint 'CloudSafe.Api.Controllers.RuleController.List (CloudSafe.Api)'
2026-09-13 13:56:12.982 +07:00 [INF] HTTP GET /api/rule responded 200 in 14.4167 ms
2026-09-13 13:56:12.984 +07:00 [INF] Request finished HTTP/1.1 GET http://localhost:5000/api/rule?current=1&pageSize=20 - 200 null application/json; charset=utf-8 19.3124ms
2026-09-13 13:56:26.816 +07:00 [INF] Request starting HTTP/1.1 GET http://localhost:5000/api/fake_list_Detail?count=30 - null null
2026-09-13 13:56:26.816 +07:00 [INF] Request starting HTTP/1.1 GET http://localhost:5000/api/currentUserDetail - null null
2026-09-13 13:56:26.819 +07:00 [INF] HTTP GET /api/fake_list_Detail responded 404 in 0.3226 ms
2026-09-13 13:56:26.821 +07:00 [INF] HTTP GET /api/currentUserDetail responded 404 in 0.1469 ms
2026-09-13 13:56:26.822 +07:00 [INF] Request finished HTTP/1.1 GET http://localhost:5000/api/fake_list_Detail?count=30 - 404 0 null 5.3372ms
2026-09-13 13:56:26.826 +07:00 [INF] Request reached the end of the middleware pipeline without being handled by application code. Request path: GET http://localhost:5000/api/fake_list_Detail, Response status code: 404
2026-09-13 13:56:26.823 +07:00 [INF] Request finished HTTP/1.1 GET http://localhost:5000/api/currentUserDetail - 404 0 null 6.6528ms
2026-09-13 13:56:26.831 +07:00 [INF] Request reached the end of the middleware pipeline without being handled by application code. Request path: GET http://localhost:5000/api/currentUserDetail, Response status code: 404
2026-09-13 13:56:27.843 +07:00 [INF] Request starting HTTP/1.1 GET http://localhost:5000/api/accountSettingCurrentUser - null null
2026-09-13 13:56:27.847 +07:00 [INF] HTTP GET /api/accountSettingCurrentUser responded 404 in 0.3232 ms
2026-09-13 13:56:27.849 +07:00 [INF] Request finished HTTP/1.1 GET http://localhost:5000/api/accountSettingCurrentUser - 404 0 null 5.8847ms
2026-09-13 13:56:27.852 +07:00 [INF] Request reached the end of the middleware pipeline without being handled by application code. Request path: GET http://localhost:5000/api/accountSettingCurrentUser, Response status code: 404
2026-09-13 13:56:29.454 +07:00 [INF] Request starting HTTP/1.1 GET http://localhost:5000/api/keys - null null
2026-09-13 13:56:29.457 +07:00 [INF] Executing endpoint 'CloudSafe.Api.Controllers.KeysController.List (CloudSafe.Api)'
2026-09-13 13:56:29.458 +07:00 [INF] Route matched with {action = "List", controller = "Keys"}. Executing controller action with signature System.Threading.Tasks.Task`1[Microsoft.AspNetCore.Mvc.IActionResult] List() on controller CloudSafe.Api.Controllers.KeysController (CloudSafe.Api).
2026-09-13 13:56:29.462 +07:00 [INF] Executed DbCommand (1ms) [Parameters=[@__CurrentUserId_0='?' (DbType = Guid)], CommandType='"Text"', CommandTimeout='30']
SELECT r."Id", r."Algorithm", r."CreatedAt", r."KeySize", r."Name", r."OwnerId", r."PublicKeyFingerprint", r."PublicKeyPem", r."RevokedAt", r."Status"
FROM "RsaKeyPairs" AS r
WHERE r."OwnerId" = @__CurrentUserId_0
ORDER BY r."CreatedAt" DESC
2026-09-13 13:56:29.466 +07:00 [INF] Executed DbCommand (1ms) [Parameters=[@__CurrentUserId_0='?' (DbType = Guid)], CommandType='"Text"', CommandTimeout='30']
SELECT e."KeyPairId" AS "KeyId", count(*)::int AS "Count"
FROM "EncryptedFiles" AS e
WHERE e."OwnerId" = @__CurrentUserId_0
GROUP BY e."KeyPairId"
2026-09-13 13:56:29.468 +07:00 [INF] Executing OkObjectResult, writing value of type '<>f__AnonymousType21`2[[System.Collections.Generic.IEnumerable`1[[CloudSafe.Api.DTOs.KeyPairDto, CloudSafe.Api, Version=1.0.0.0, Culture=neutral, PublicKeyToken=null]], System.Private.CoreLib, Version=9.0.0.0, Culture=neutral, PublicKeyToken=7cec85d7bea7798e],[System.Boolean, System.Private.CoreLib, Version=9.0.0.0, Culture=neutral, PublicKeyToken=7cec85d7bea7798e]]'.
2026-09-13 13:56:29.469 +07:00 [INF] Executed action CloudSafe.Api.Controllers.KeysController.List (CloudSafe.Api) in 9.5718ms
2026-09-13 13:56:29.471 +07:00 [INF] Executed endpoint 'CloudSafe.Api.Controllers.KeysController.List (CloudSafe.Api)'
2026-09-13 13:56:29.472 +07:00 [INF] HTTP GET /api/keys responded 200 in 15.3347 ms
2026-09-13 13:56:29.474 +07:00 [INF] Request finished HTTP/1.1 GET http://localhost:5000/api/keys - 200 null application/json; charset=utf-8 19.9652ms
2026-09-13 13:56:31.370 +07:00 [INF] Request starting HTTP/1.1 GET http://localhost:5000/api/fake_analysis_chart_data - null null
2026-09-13 13:56:31.373 +07:00 [INF] HTTP GET /api/fake_analysis_chart_data responded 404 in 0.2129 ms
2026-09-13 13:56:31.375 +07:00 [INF] Request finished HTTP/1.1 GET http://localhost:5000/api/fake_analysis_chart_data - 404 0 null 4.6977ms
2026-09-13 13:56:31.378 +07:00 [INF] Request reached the end of the middleware pipeline without being handled by application code. Request path: GET http://localhost:5000/api/fake_analysis_chart_data, Response status code: 404
2026-09-13 13:56:32.389 +07:00 [INF] Request starting HTTP/1.1 GET http://localhost:5000/api/fake_analysis_chart_data - null null
2026-09-13 13:56:32.392 +07:00 [INF] HTTP GET /api/fake_analysis_chart_data responded 404 in 0.1675 ms
2026-09-13 13:56:32.393 +07:00 [INF] Request finished HTTP/1.1 GET http://localhost:5000/api/fake_analysis_chart_data - 404 0 null 4.4557ms
2026-09-13 13:56:32.397 +07:00 [INF] Request reached the end of the middleware pipeline without being handled by application code. Request path: GET http://localhost:5000/api/fake_analysis_chart_data, Response status code: 404
2026-09-13 13:56:34.033 +07:00 [INF] Request starting HTTP/1.1 GET http://localhost:5000/api/tags - null null
2026-09-13 13:56:34.035 +07:00 [INF] HTTP GET /api/tags responded 404 in 0.2120 ms
2026-09-13 13:56:34.037 +07:00 [INF] Request finished HTTP/1.1 GET http://localhost:5000/api/tags - 404 0 null 4.183ms
2026-09-13 13:56:34.040 +07:00 [INF] Request reached the end of the middleware pipeline without being handled by application code. Request path: GET http://localhost:5000/api/tags, Response status code: 404
2026-09-13 13:56:34.688 +07:00 [INF] Request starting HTTP/1.1 GET http://localhost:5000/api/project/notice - null null
2026-09-13 13:56:34.688 +07:00 [INF] Request starting HTTP/1.1 GET http://localhost:5000/api/activities - null null
2026-09-13 13:56:34.688 +07:00 [INF] Request starting HTTP/1.1 GET http://localhost:5000/api/fake_workplace_chart_data - null null
2026-09-13 13:56:34.692 +07:00 [INF] HTTP GET /api/project/notice responded 404 in 0.4063 ms
2026-09-13 13:56:34.695 +07:00 [INF] HTTP GET /api/activities responded 404 in 0.2394 ms
2026-09-13 13:56:34.698 +07:00 [INF] HTTP GET /api/fake_workplace_chart_data responded 404 in 0.2569 ms
2026-09-13 13:56:34.700 +07:00 [INF] Request finished HTTP/1.1 GET http://localhost:5000/api/project/notice - 404 0 null 12.7931ms
2026-09-13 13:56:34.705 +07:00 [INF] Request finished HTTP/1.1 GET http://localhost:5000/api/activities - 404 0 null 17.0547ms
2026-09-13 13:56:34.707 +07:00 [INF] Request finished HTTP/1.1 GET http://localhost:5000/api/fake_workplace_chart_data - 404 0 null 18.8514ms
2026-09-13 13:56:34.712 +07:00 [INF] Request reached the end of the middleware pipeline without being handled by application code. Request path: GET http://localhost:5000/api/project/notice, Response status code: 404
2026-09-13 13:56:34.716 +07:00 [INF] Request reached the end of the middleware pipeline without being handled by application code. Request path: GET http://localhost:5000/api/activities, Response status code: 404
2026-09-13 13:56:34.718 +07:00 [INF] Request reached the end of the middleware pipeline without being handled by application code. Request path: GET http://localhost:5000/api/fake_workplace_chart_data, Response status code: 404
2026-09-13 13:56:35.720 +07:00 [INF] Request starting HTTP/1.1 GET http://localhost:5000/api/project/notice - null null
2026-09-13 13:56:35.723 +07:00 [INF] HTTP GET /api/project/notice responded 404 in 0.4616 ms
2026-09-13 13:56:35.724 +07:00 [INF] Request starting HTTP/1.1 GET http://localhost:5000/api/activities - null null
2026-09-13 13:56:35.724 +07:00 [INF] Request starting HTTP/1.1 GET http://localhost:5000/api/fake_workplace_chart_data - null null
2026-09-13 13:56:35.725 +07:00 [INF] Request finished HTTP/1.1 GET http://localhost:5000/api/project/notice - 404 0 null 5.5032ms
2026-09-13 13:56:35.731 +07:00 [INF] HTTP GET /api/activities responded 404 in 0.4561 ms
2026-09-13 13:56:35.733 +07:00 [INF] HTTP GET /api/fake_workplace_chart_data responded 404 in 0.1984 ms
2026-09-13 13:56:35.737 +07:00 [INF] Request reached the end of the middleware pipeline without being handled by application code. Request path: GET http://localhost:5000/api/project/notice, Response status code: 404
2026-09-13 13:56:35.738 +07:00 [INF] Request finished HTTP/1.1 GET http://localhost:5000/api/activities - 404 0 null 14.6422ms
2026-09-13 13:56:35.740 +07:00 [INF] Request finished HTTP/1.1 GET http://localhost:5000/api/fake_workplace_chart_data - 404 0 null 15.8573ms
2026-09-13 13:56:35.747 +07:00 [INF] Request reached the end of the middleware pipeline without being handled by application code. Request path: GET http://localhost:5000/api/activities, Response status code: 404
2026-09-13 13:56:35.749 +07:00 [INF] Request reached the end of the middleware pipeline without being handled by application code. Request path: GET http://localhost:5000/api/fake_workplace_chart_data, Response status code: 404
2026-09-13 13:56:36.013 +07:00 [INF] Request starting HTTP/1.1 GET http://localhost:5000/api/fake_analysis_chart_data - null null
2026-09-13 13:56:36.016 +07:00 [INF] HTTP GET /api/fake_analysis_chart_data responded 404 in 0.1746 ms
2026-09-13 13:56:36.018 +07:00 [INF] Request finished HTTP/1.1 GET http://localhost:5000/api/fake_analysis_chart_data - 404 0 null 4.2654ms
2026-09-13 13:56:36.020 +07:00 [INF] Request reached the end of the middleware pipeline without being handled by application code. Request path: GET http://localhost:5000/api/fake_analysis_chart_data, Response status code: 404
2026-09-13 13:59:24.740 +07:00 [INF] Request starting HTTP/1.1 GET http://localhost:5000/api/fake_analysis_chart_data - null null
2026-09-13 13:59:24.743 +07:00 [INF] HTTP GET /api/fake_analysis_chart_data responded 404 in 0.5373 ms
2026-09-13 13:59:24.744 +07:00 [INF] Request finished HTTP/1.1 GET http://localhost:5000/api/fake_analysis_chart_data - 404 0 null 4.7411ms
2026-09-13 13:59:24.747 +07:00 [INF] Request reached the end of the middleware pipeline without being handled by application code. Request path: GET http://localhost:5000/api/fake_analysis_chart_data, Response status code: 404
2026-09-13 13:59:26.830 +07:00 [INF] Request starting HTTP/1.1 GET http://localhost:5000/api/fake_analysis_chart_data - null null
2026-09-13 13:59:26.846 +07:00 [INF] HTTP GET /api/fake_analysis_chart_data responded 404 in 0.2809 ms
2026-09-13 13:59:26.848 +07:00 [INF] Request finished HTTP/1.1 GET http://localhost:5000/api/fake_analysis_chart_data - 404 0 null 18.8741ms
2026-09-13 13:59:26.852 +07:00 [INF] Request reached the end of the middleware pipeline without being handled by application code. Request path: GET http://localhost:5000/api/fake_analysis_chart_data, Response status code: 404
2026-09-13 13:59:30.873 +07:00 [INF] Request starting HTTP/1.1 GET http://localhost:5000/api/fake_analysis_chart_data - null null
2026-09-13 13:59:30.876 +07:00 [INF] HTTP GET /api/fake_analysis_chart_data responded 404 in 0.1758 ms
2026-09-13 13:59:30.878 +07:00 [INF] Request finished HTTP/1.1 GET http://localhost:5000/api/fake_analysis_chart_data - 404 0 null 4.8758ms
2026-09-13 13:59:30.881 +07:00 [INF] Request reached the end of the middleware pipeline without being handled by application code. Request path: GET http://localhost:5000/api/fake_analysis_chart_data, Response status code: 404
2026-09-13 14:25:10.566 +07:00 [INF] Request starting HTTP/1.1 GET http://localhost:5000/api/fake_analysis_chart_data - null null
2026-09-13 14:25:10.569 +07:00 [INF] HTTP GET /api/fake_analysis_chart_data responded 404 in 0.4289 ms
2026-09-13 14:25:10.571 +07:00 [INF] Request finished HTTP/1.1 GET http://localhost:5000/api/fake_analysis_chart_data - 404 0 null 4.1991ms
2026-09-13 14:25:10.574 +07:00 [INF] Request reached the end of the middleware pipeline without being handled by application code. Request path: GET http://localhost:5000/api/fake_analysis_chart_data, Response status code: 404
2026-09-13 14:25:22.721 +07:00 [INF] Request starting HTTP/1.1 GET http://localhost:5000/api/fake_analysis_chart_data - null null
2026-09-13 14:25:22.724 +07:00 [INF] HTTP GET /api/fake_analysis_chart_data responded 404 in 0.1381 ms
2026-09-13 14:25:22.726 +07:00 [INF] Request finished HTTP/1.1 GET http://localhost:5000/api/fake_analysis_chart_data - 404 0 null 4.5951ms
2026-09-13 14:25:22.729 +07:00 [INF] Request reached the end of the middleware pipeline without being handled by application code. Request path: GET http://localhost:5000/api/fake_analysis_chart_data, Response status code: 404
2026-09-13 14:28:40.250 +07:00 [INF] Request starting HTTP/1.1 GET http://localhost:5000/api/fake_analysis_chart_data - null null
2026-09-13 14:28:40.252 +07:00 [INF] HTTP GET /api/fake_analysis_chart_data responded 404 in 0.1935 ms
2026-09-13 14:28:40.254 +07:00 [INF] Request finished HTTP/1.1 GET http://localhost:5000/api/fake_analysis_chart_data - 404 0 null 4.2646ms
2026-09-13 14:28:40.257 +07:00 [INF] Request reached the end of the middleware pipeline without being handled by application code. Request path: GET http://localhost:5000/api/fake_analysis_chart_data, Response status code: 404
2026-09-13 14:32:08.031 +07:00 [INF] Request starting HTTP/1.1 GET http://localhost:5000/api/fake_analysis_chart_data - null null
2026-09-13 14:32:08.034 +07:00 [INF] HTTP GET /api/fake_analysis_chart_data responded 404 in 0.2437 ms
2026-09-13 14:32:08.036 +07:00 [INF] Request finished HTTP/1.1 GET http://localhost:5000/api/fake_analysis_chart_data - 404 0 null 4.3728ms
2026-09-13 14:32:08.039 +07:00 [INF] Request reached the end of the middleware pipeline without being handled by application code. Request path: GET http://localhost:5000/api/fake_analysis_chart_data, Response status code: 404
2026-09-13 14:32:09.171 +07:00 [INF] Request starting HTTP/1.1 GET http://localhost:5000/api/fake_analysis_chart_data - null null
2026-09-13 14:32:09.174 +07:00 [INF] HTTP GET /api/fake_analysis_chart_data responded 404 in 0.2649 ms
2026-09-13 14:32:09.176 +07:00 [INF] Request finished HTTP/1.1 GET http://localhost:5000/api/fake_analysis_chart_data - 404 0 null 5.1318ms
2026-09-13 14:32:09.179 +07:00 [INF] Request reached the end of the middleware pipeline without being handled by application code. Request path: GET http://localhost:5000/api/fake_analysis_chart_data, Response status code: 404
2026-09-13 14:32:10.212 +07:00 [INF] Request starting HTTP/1.1 GET http://localhost:5000/api/fake_analysis_chart_data - null null
2026-09-13 14:32:10.216 +07:00 [INF] HTTP GET /api/fake_analysis_chart_data responded 404 in 0.1844 ms
2026-09-13 14:32:10.219 +07:00 [INF] Request finished HTTP/1.1 GET http://localhost:5000/api/fake_analysis_chart_data - 404 0 null 6.268ms
2026-09-13 14:32:10.223 +07:00 [INF] Request reached the end of the middleware pipeline without being handled by application code. Request path: GET http://localhost:5000/api/fake_analysis_chart_data, Response status code: 404
2026-09-13 14:32:12.237 +07:00 [INF] Request starting HTTP/1.1 GET http://localhost:5000/api/fake_analysis_chart_data - null null
2026-09-13 14:32:12.243 +07:00 [INF] HTTP GET /api/fake_analysis_chart_data responded 404 in 0.3641 ms
2026-09-13 14:32:12.245 +07:00 [INF] Request finished HTTP/1.1 GET http://localhost:5000/api/fake_analysis_chart_data - 404 0 null 8.1173ms
2026-09-13 14:32:12.251 +07:00 [INF] Request reached the end of the middleware pipeline without being handled by application code. Request path: GET http://localhost:5000/api/fake_analysis_chart_data, Response status code: 404
2026-09-13 14:42:35.072 +07:00 [INF] Request starting HTTP/1.1 GET http://localhost:5000/api/fake_analysis_chart_data - null null
2026-09-13 14:42:35.076 +07:00 [INF] HTTP GET /api/fake_analysis_chart_data responded 404 in 0.4048 ms
2026-09-13 14:42:35.078 +07:00 [INF] Request finished HTTP/1.1 GET http://localhost:5000/api/fake_analysis_chart_data - 404 0 null 5.7076ms
2026-09-13 14:42:35.081 +07:00 [INF] Request reached the end of the middleware pipeline without being handled by application code. Request path: GET http://localhost:5000/api/fake_analysis_chart_data, Response status code: 404
2026-09-13 14:42:42.366 +07:00 [INF] Request starting HTTP/1.1 GET http://localhost:5000/api/fake_analysis_chart_data - null null
2026-09-13 14:42:42.369 +07:00 [INF] HTTP GET /api/fake_analysis_chart_data responded 404 in 0.2562 ms
2026-09-13 14:42:42.371 +07:00 [INF] Request finished HTTP/1.1 GET http://localhost:5000/api/fake_analysis_chart_data - 404 0 null 4.5938ms
2026-09-13 14:42:42.373 +07:00 [INF] Request reached the end of the middleware pipeline without being handled by application code. Request path: GET http://localhost:5000/api/fake_analysis_chart_data, Response status code: 404
2026-09-13 14:48:57.700 +07:00 [INF] Request starting HTTP/1.1 GET http://localhost:5000/api/fake_analysis_chart_data - null null
2026-09-13 14:48:57.703 +07:00 [INF] HTTP GET /api/fake_analysis_chart_data responded 404 in 0.3852 ms
2026-09-13 14:48:57.705 +07:00 [INF] Request finished HTTP/1.1 GET http://localhost:5000/api/fake_analysis_chart_data - 404 0 null 5.7424ms
2026-09-13 14:48:57.708 +07:00 [INF] Request reached the end of the middleware pipeline without being handled by application code. Request path: GET http://localhost:5000/api/fake_analysis_chart_data, Response status code: 404
2026-09-13 14:51:52.689 +07:00 [INF] Request starting HTTP/1.1 GET http://localhost:5000/api/fake_analysis_chart_data - null null
2026-09-13 14:51:52.693 +07:00 [INF] HTTP GET /api/fake_analysis_chart_data responded 404 in 0.2836 ms
2026-09-13 14:51:52.695 +07:00 [INF] Request finished HTTP/1.1 GET http://localhost:5000/api/fake_analysis_chart_data - 404 0 null 5.8276ms
2026-09-13 14:51:52.698 +07:00 [INF] Request reached the end of the middleware pipeline without being handled by application code. Request path: GET http://localhost:5000/api/fake_analysis_chart_data, Response status code: 404
2026-09-13 14:52:40.710 +07:00 [INF] Request starting HTTP/1.1 GET http://localhost:5000/api/fake_analysis_chart_data - null null
2026-09-13 14:52:40.714 +07:00 [INF] HTTP GET /api/fake_analysis_chart_data responded 404 in 0.5270 ms
2026-09-13 14:52:40.717 +07:00 [INF] Request finished HTTP/1.1 GET http://localhost:5000/api/fake_analysis_chart_data - 404 0 null 6.6346ms
2026-09-13 14:52:40.723 +07:00 [INF] Request reached the end of the middleware pipeline without being handled by application code. Request path: GET http://localhost:5000/api/fake_analysis_chart_data, Response status code: 404
2026-09-13 14:54:12.530 +07:00 [INF] Request starting HTTP/1.1 GET http://localhost:5000/api/fake_analysis_chart_data - null null
2026-09-13 14:54:12.532 +07:00 [INF] HTTP GET /api/fake_analysis_chart_data responded 404 in 0.4694 ms
2026-09-13 14:54:12.534 +07:00 [INF] Request finished HTTP/1.1 GET http://localhost:5000/api/fake_analysis_chart_data - 404 0 null 4.483ms
2026-09-13 14:54:12.537 +07:00 [INF] Request reached the end of the middleware pipeline without being handled by application code. Request path: GET http://localhost:5000/api/fake_analysis_chart_data, Response status code: 404
2026-09-13 14:54:53.570 +07:00 [INF] Request starting HTTP/1.1 GET http://localhost:5000/api/fake_analysis_chart_data - null null
2026-09-13 14:54:53.573 +07:00 [INF] HTTP GET /api/fake_analysis_chart_data responded 404 in 0.1889 ms
2026-09-13 14:54:53.574 +07:00 [INF] Request finished HTTP/1.1 GET http://localhost:5000/api/fake_analysis_chart_data - 404 0 null 3.6159ms
2026-09-13 14:54:53.577 +07:00 [INF] Request reached the end of the middleware pipeline without being handled by application code. Request path: GET http://localhost:5000/api/fake_analysis_chart_data, Response status code: 404
2026-09-13 14:55:40.352 +07:00 [INF] Request starting HTTP/1.1 GET http://localhost:5000/api/fake_analysis_chart_data - null null
2026-09-13 14:55:40.355 +07:00 [INF] HTTP GET /api/fake_analysis_chart_data responded 404 in 0.2595 ms
2026-09-13 14:55:40.357 +07:00 [INF] Request finished HTTP/1.1 GET http://localhost:5000/api/fake_analysis_chart_data - 404 0 null 4.4587ms
2026-09-13 14:55:40.360 +07:00 [INF] Request reached the end of the middleware pipeline without being handled by application code. Request path: GET http://localhost:5000/api/fake_analysis_chart_data, Response status code: 404
2026-09-13 15:19:28.346 +07:00 [INF] Request starting HTTP/1.1 GET http://localhost:5000/api/fake_analysis_chart_data - null null
2026-09-13 15:19:28.349 +07:00 [INF] HTTP GET /api/fake_analysis_chart_data responded 404 in 0.3740 ms
2026-09-13 15:19:28.351 +07:00 [INF] Request finished HTTP/1.1 GET http://localhost:5000/api/fake_analysis_chart_data - 404 0 null 5.6161ms
2026-09-13 15:19:28.356 +07:00 [INF] Request reached the end of the middleware pipeline without being handled by application code. Request path: GET http://localhost:5000/api/fake_analysis_chart_data, Response status code: 404
2026-09-13 15:19:46.077 +07:00 [INF] Request starting HTTP/1.1 GET http://localhost:5000/api/fake_analysis_chart_data - null null
2026-09-13 15:19:46.080 +07:00 [INF] HTTP GET /api/fake_analysis_chart_data responded 404 in 0.2917 ms
2026-09-13 15:19:46.082 +07:00 [INF] Request finished HTTP/1.1 GET http://localhost:5000/api/fake_analysis_chart_data - 404 0 null 5.814ms
2026-09-13 15:19:46.087 +07:00 [INF] Request reached the end of the middleware pipeline without being handled by application code. Request path: GET http://localhost:5000/api/fake_analysis_chart_data, Response status code: 404
2026-09-13 15:29:05.949 +07:00 [INF] Request starting HTTP/1.1 GET http://localhost:5000/api/fake_analysis_chart_data - null null
2026-09-13 15:29:05.952 +07:00 [INF] HTTP GET /api/fake_analysis_chart_data responded 404 in 0.3953 ms
2026-09-13 15:29:05.953 +07:00 [INF] Request finished HTTP/1.1 GET http://localhost:5000/api/fake_analysis_chart_data - 404 0 null 4.8925ms
2026-09-13 15:29:05.956 +07:00 [INF] Request reached the end of the middleware pipeline without being handled by application code. Request path: GET http://localhost:5000/api/fake_analysis_chart_data, Response status code: 404
2026-09-13 15:29:08.082 +07:00 [INF] Request starting HTTP/1.1 GET http://localhost:5000/api/tags - null null
2026-09-13 15:29:08.085 +07:00 [INF] HTTP GET /api/tags responded 404 in 0.1770 ms
2026-09-13 15:29:08.086 +07:00 [INF] Request finished HTTP/1.1 GET http://localhost:5000/api/tags - 404 0 null 4.442ms
2026-09-13 15:29:08.089 +07:00 [INF] Request reached the end of the middleware pipeline without being handled by application code. Request path: GET http://localhost:5000/api/tags, Response status code: 404
2026-09-13 15:29:09.328 +07:00 [INF] Request starting HTTP/1.1 GET http://localhost:5000/api/project/notice - null null
2026-09-13 15:29:09.328 +07:00 [INF] Request starting HTTP/1.1 GET http://localhost:5000/api/activities - null null
2026-09-13 15:29:09.329 +07:00 [INF] Request starting HTTP/1.1 GET http://localhost:5000/api/fake_workplace_chart_data - null null
2026-09-13 15:29:09.332 +07:00 [INF] HTTP GET /api/project/notice responded 404 in 0.2722 ms
2026-09-13 15:29:09.335 +07:00 [INF] HTTP GET /api/activities responded 404 in 0.1961 ms
2026-09-13 15:29:09.338 +07:00 [INF] HTTP GET /api/fake_workplace_chart_data responded 404 in 0.2211 ms
2026-09-13 15:29:09.339 +07:00 [INF] Request finished HTTP/1.1 GET http://localhost:5000/api/project/notice - 404 0 null 11.8293ms
2026-09-13 15:29:09.342 +07:00 [INF] Request finished HTTP/1.1 GET http://localhost:5000/api/activities - 404 0 null 13.7881ms
2026-09-13 15:29:09.345 +07:00 [INF] Request finished HTTP/1.1 GET http://localhost:5000/api/fake_workplace_chart_data - 404 0 null 15.8556ms
2026-09-13 15:29:09.347 +07:00 [INF] Request reached the end of the middleware pipeline without being handled by application code. Request path: GET http://localhost:5000/api/project/notice, Response status code: 404
2026-09-13 15:29:09.351 +07:00 [INF] Request reached the end of the middleware pipeline without being handled by application code. Request path: GET http://localhost:5000/api/activities, Response status code: 404
2026-09-13 15:29:09.354 +07:00 [INF] Request reached the end of the middleware pipeline without being handled by application code. Request path: GET http://localhost:5000/api/fake_workplace_chart_data, Response status code: 404
2026-09-13 15:29:10.374 +07:00 [INF] Request starting HTTP/1.1 GET http://localhost:5000/api/project/notice - null null
2026-09-13 15:29:10.374 +07:00 [INF] Request starting HTTP/1.1 GET http://localhost:5000/api/activities - null null
2026-09-13 15:29:10.375 +07:00 [INF] Request starting HTTP/1.1 GET http://localhost:5000/api/fake_workplace_chart_data - null null
2026-09-13 15:29:10.378 +07:00 [INF] HTTP GET /api/project/notice responded 404 in 0.2359 ms
2026-09-13 15:29:10.381 +07:00 [INF] HTTP GET /api/activities responded 404 in 0.1855 ms
2026-09-13 15:29:10.384 +07:00 [INF] HTTP GET /api/fake_workplace_chart_data responded 404 in 0.3893 ms
2026-09-13 15:29:10.384 +07:00 [INF] Request finished HTTP/1.1 GET http://localhost:5000/api/project/notice - 404 0 null 10.2474ms
2026-09-13 15:29:10.388 +07:00 [INF] Request finished HTTP/1.1 GET http://localhost:5000/api/activities - 404 0 null 13.2128ms
2026-09-13 15:29:10.390 +07:00 [INF] Request finished HTTP/1.1 GET http://localhost:5000/api/fake_workplace_chart_data - 404 0 null 15.6052ms
2026-09-13 15:29:10.393 +07:00 [INF] Request reached the end of the middleware pipeline without being handled by application code. Request path: GET http://localhost:5000/api/project/notice, Response status code: 404
2026-09-13 15:29:10.396 +07:00 [INF] Request reached the end of the middleware pipeline without being handled by application code. Request path: GET http://localhost:5000/api/activities, Response status code: 404
2026-09-13 15:29:10.399 +07:00 [INF] Request reached the end of the middleware pipeline without being handled by application code. Request path: GET http://localhost:5000/api/fake_workplace_chart_data, Response status code: 404
2026-09-13 15:29:12.404 +07:00 [INF] Request starting HTTP/1.1 GET http://localhost:5000/api/project/notice - null null
2026-09-13 15:29:12.407 +07:00 [INF] HTTP GET /api/project/notice responded 404 in 0.5966 ms
2026-09-13 15:29:12.411 +07:00 [INF] Request finished HTTP/1.1 GET http://localhost:5000/api/project/notice - 404 0 null 7.2148ms
2026-09-13 15:29:12.416 +07:00 [INF] Request reached the end of the middleware pipeline without being handled by application code. Request path: GET http://localhost:5000/api/project/notice, Response status code: 404
2026-09-13 15:29:12.437 +07:00 [INF] Request starting HTTP/1.1 GET http://localhost:5000/api/fake_workplace_chart_data - null null
2026-09-13 15:29:12.437 +07:00 [INF] Request starting HTTP/1.1 GET http://localhost:5000/api/activities - null null
2026-09-13 15:29:12.439 +07:00 [INF] HTTP GET /api/fake_workplace_chart_data responded 404 in 0.1601 ms
2026-09-13 15:29:12.441 +07:00 [INF] HTTP GET /api/activities responded 404 in 0.1609 ms
2026-09-13 15:29:12.443 +07:00 [INF] Request finished HTTP/1.1 GET http://localhost:5000/api/fake_workplace_chart_data - 404 0 null 5.6949ms
2026-09-13 15:29:12.444 +07:00 [INF] Request finished HTTP/1.1 GET http://localhost:5000/api/activities - 404 0 null 7.1267ms
2026-09-13 15:29:12.447 +07:00 [INF] Request reached the end of the middleware pipeline without being handled by application code. Request path: GET http://localhost:5000/api/fake_workplace_chart_data, Response status code: 404
2026-09-13 15:29:12.450 +07:00 [INF] Request reached the end of the middleware pipeline without being handled by application code. Request path: GET http://localhost:5000/api/activities, Response status code: 404
2026-09-13 15:29:16.451 +07:00 [INF] Request starting HTTP/1.1 GET http://localhost:5000/api/project/notice - null null
2026-09-13 15:29:16.454 +07:00 [INF] HTTP GET /api/project/notice responded 404 in 0.3408 ms
2026-09-13 15:29:16.457 +07:00 [INF] Request finished HTTP/1.1 GET http://localhost:5000/api/project/notice - 404 0 null 6.1382ms
2026-09-13 15:29:16.460 +07:00 [INF] Request reached the end of the middleware pipeline without being handled by application code. Request path: GET http://localhost:5000/api/project/notice, Response status code: 404
2026-09-13 15:29:16.474 +07:00 [INF] Request starting HTTP/1.1 GET http://localhost:5000/api/fake_workplace_chart_data - null null
2026-09-13 15:29:16.474 +07:00 [INF] Request starting HTTP/1.1 GET http://localhost:5000/api/activities - null null
2026-09-13 15:29:16.477 +07:00 [INF] HTTP GET /api/fake_workplace_chart_data responded 404 in 0.3510 ms
2026-09-13 15:29:16.479 +07:00 [INF] HTTP GET /api/activities responded 404 in 0.2448 ms
2026-09-13 15:29:16.481 +07:00 [INF] Request finished HTTP/1.1 GET http://localhost:5000/api/fake_workplace_chart_data - 404 0 null 7.1606ms
2026-09-13 15:29:16.482 +07:00 [INF] Request finished HTTP/1.1 GET http://localhost:5000/api/activities - 404 0 null 8.6355ms
2026-09-13 15:29:16.485 +07:00 [INF] Request reached the end of the middleware pipeline without being handled by application code. Request path: GET http://localhost:5000/api/fake_workplace_chart_data, Response status code: 404
2026-09-13 15:29:16.488 +07:00 [INF] Request reached the end of the middleware pipeline without being handled by application code. Request path: GET http://localhost:5000/api/activities, Response status code: 404
2026-09-13 15:41:39.645 +07:00 [INF] Request starting HTTP/1.1 GET http://localhost:5000/api/activities - null null
2026-09-13 15:41:39.645 +07:00 [INF] Request starting HTTP/1.1 GET http://localhost:5000/api/project/notice - null null
2026-09-13 15:41:39.645 +07:00 [INF] Request starting HTTP/1.1 GET http://localhost:5000/api/fake_workplace_chart_data - null null
2026-09-13 15:41:39.650 +07:00 [INF] HTTP GET /api/activities responded 404 in 0.4852 ms
2026-09-13 15:41:39.658 +07:00 [INF] HTTP GET /api/project/notice responded 404 in 5.6580 ms
2026-09-13 15:41:39.663 +07:00 [INF] HTTP GET /api/fake_workplace_chart_data responded 404 in 0.2467 ms
2026-09-13 15:41:39.665 +07:00 [INF] Request finished HTTP/1.1 GET http://localhost:5000/api/activities - 404 0 null 19.9969ms
2026-09-13 15:41:39.668 +07:00 [INF] Request finished HTTP/1.1 GET http://localhost:5000/api/project/notice - 404 0 null 22.5146ms
2026-09-13 15:41:39.672 +07:00 [INF] Request finished HTTP/1.1 GET http://localhost:5000/api/fake_workplace_chart_data - 404 0 null 26.9029ms
2026-09-13 15:41:39.676 +07:00 [INF] Request reached the end of the middleware pipeline without being handled by application code. Request path: GET http://localhost:5000/api/activities, Response status code: 404
2026-09-13 15:41:39.681 +07:00 [INF] Request reached the end of the middleware pipeline without being handled by application code. Request path: GET http://localhost:5000/api/project/notice, Response status code: 404
2026-09-13 15:41:39.687 +07:00 [INF] Request reached the end of the middleware pipeline without being handled by application code. Request path: GET http://localhost:5000/api/fake_workplace_chart_data, Response status code: 404
2026-09-13 15:41:40.882 +07:00 [INF] Request starting HTTP/1.1 GET http://localhost:5000/api/activities - null null
2026-09-13 15:41:40.890 +07:00 [INF] Request starting HTTP/1.1 GET http://localhost:5000/api/project/notice - null null
2026-09-13 15:41:40.903 +07:00 [INF] Request starting HTTP/1.1 GET http://localhost:5000/api/fake_workplace_chart_data - null null
2026-09-13 15:41:40.946 +07:00 [INF] HTTP GET /api/activities responded 404 in 2.1213 ms
2026-09-13 15:41:40.980 +07:00 [INF] HTTP GET /api/project/notice responded 404 in 1.2509 ms
2026-09-13 15:41:41.013 +07:00 [INF] HTTP GET /api/fake_workplace_chart_data responded 404 in 1.4081 ms
2026-09-13 15:41:41.036 +07:00 [INF] Request finished HTTP/1.1 GET http://localhost:5000/api/activities - 404 0 null 154.8111ms
2026-09-13 15:41:41.063 +07:00 [INF] Request finished HTTP/1.1 GET http://localhost:5000/api/project/notice - 404 0 null 172.9431ms
2026-09-13 15:41:41.088 +07:00 [INF] Request finished HTTP/1.1 GET http://localhost:5000/api/fake_workplace_chart_data - 404 0 null 185.4436ms
2026-09-13 15:41:41.153 +07:00 [INF] Request reached the end of the middleware pipeline without being handled by application code. Request path: GET http://localhost:5000/api/activities, Response status code: 404
2026-09-13 15:41:41.203 +07:00 [INF] Request reached the end of the middleware pipeline without being handled by application code. Request path: GET http://localhost:5000/api/project/notice, Response status code: 404
2026-09-13 15:41:41.250 +07:00 [INF] Request reached the end of the middleware pipeline without being handled by application code. Request path: GET http://localhost:5000/api/fake_workplace_chart_data, Response status code: 404
2026-09-13 15:41:43.126 +07:00 [INF] Request starting HTTP/1.1 GET http://localhost:5000/api/activities - null null
2026-09-13 15:41:43.162 +07:00 [INF] HTTP GET /api/activities responded 404 in 1.3621 ms
2026-09-13 15:41:43.194 +07:00 [INF] Request finished HTTP/1.1 GET http://localhost:5000/api/activities - 404 0 null 67.8728ms
2026-09-13 15:41:43.238 +07:00 [INF] Request reached the end of the middleware pipeline without being handled by application code. Request path: GET http://localhost:5000/api/activities, Response status code: 404
2026-09-13 15:41:43.310 +07:00 [INF] Request starting HTTP/1.1 GET http://localhost:5000/api/project/notice - null null
2026-09-13 15:41:43.312 +07:00 [INF] Request starting HTTP/1.1 GET http://localhost:5000/api/fake_workplace_chart_data - null null
2026-09-13 15:41:43.346 +07:00 [INF] HTTP GET /api/project/notice responded 404 in 2.0072 ms
2026-09-13 15:41:43.379 +07:00 [INF] HTTP GET /api/fake_workplace_chart_data responded 404 in 3.3561 ms
2026-09-13 15:41:43.400 +07:00 [INF] Request finished HTTP/1.1 GET http://localhost:5000/api/project/notice - 404 0 null 89.4431ms
2026-09-13 15:41:43.422 +07:00 [INF] Request finished HTTP/1.1 GET http://localhost:5000/api/fake_workplace_chart_data - 404 0 null 109.4202ms
2026-09-13 15:41:43.470 +07:00 [INF] Request reached the end of the middleware pipeline without being handled by application code. Request path: GET http://localhost:5000/api/project/notice, Response status code: 404
2026-09-13 15:41:43.510 +07:00 [INF] Request reached the end of the middleware pipeline without being handled by application code. Request path: GET http://localhost:5000/api/fake_workplace_chart_data, Response status code: 404
2026-09-13 15:41:47.251 +07:00 [INF] Request starting HTTP/1.1 GET http://localhost:5000/api/activities - null null
2026-09-13 15:41:47.256 +07:00 [INF] HTTP GET /api/activities responded 404 in 0.2955 ms
2026-09-13 15:41:47.259 +07:00 [INF] Request finished HTTP/1.1 GET http://localhost:5000/api/activities - 404 0 null 8.7835ms
2026-09-13 15:41:47.263 +07:00 [INF] Request reached the end of the middleware pipeline without being handled by application code. Request path: GET http://localhost:5000/api/activities, Response status code: 404
2026-09-13 15:41:47.744 +07:00 [INF] Request starting HTTP/1.1 GET http://localhost:5000/api/project/notice - null null
2026-09-13 15:41:47.746 +07:00 [INF] Request starting HTTP/1.1 GET http://localhost:5000/api/fake_workplace_chart_data - null null
2026-09-13 15:41:47.825 +07:00 [INF] HTTP GET /api/project/notice responded 404 in 6.5148 ms
2026-09-13 15:41:47.844 +07:00 [INF] HTTP GET /api/fake_workplace_chart_data responded 404 in 1.9844 ms
2026-09-13 15:41:47.917 +07:00 [INF] Request finished HTTP/1.1 GET http://localhost:5000/api/project/notice - 404 0 null 173.1288ms
2026-09-13 15:41:47.949 +07:00 [INF] Request finished HTTP/1.1 GET http://localhost:5000/api/fake_workplace_chart_data - 404 0 null 202.6213ms
2026-09-13 15:41:48.042 +07:00 [INF] Request reached the end of the middleware pipeline without being handled by application code. Request path: GET http://localhost:5000/api/project/notice, Response status code: 404
2026-09-13 15:41:48.086 +07:00 [INF] Request reached the end of the middleware pipeline without being handled by application code. Request path: GET http://localhost:5000/api/fake_workplace_chart_data, Response status code: 404
2026-09-13 15:47:48.895 +07:00 [INF] Request starting HTTP/1.1 GET http://localhost:5000/api/project/notice - null null
2026-09-13 15:47:48.895 +07:00 [INF] Request starting HTTP/1.1 GET http://localhost:5000/api/activities - null null
2026-09-13 15:47:48.896 +07:00 [INF] Request starting HTTP/1.1 GET http://localhost:5000/api/fake_workplace_chart_data - null null
2026-09-13 15:47:48.899 +07:00 [INF] HTTP GET /api/project/notice responded 404 in 0.5510 ms
2026-09-13 15:47:48.903 +07:00 [INF] HTTP GET /api/activities responded 404 in 0.4698 ms
2026-09-13 15:47:48.906 +07:00 [INF] HTTP GET /api/fake_workplace_chart_data responded 404 in 0.3995 ms
2026-09-13 15:47:48.909 +07:00 [INF] Request finished HTTP/1.1 GET http://localhost:5000/api/project/notice - 404 0 null 14.3996ms
2026-09-13 15:47:48.914 +07:00 [INF] Request finished HTTP/1.1 GET http://localhost:5000/api/activities - 404 0 null 18.0432ms
2026-09-13 15:47:48.916 +07:00 [INF] Request finished HTTP/1.1 GET http://localhost:5000/api/fake_workplace_chart_data - 404 0 null 19.9145ms
2026-09-13 15:47:48.920 +07:00 [INF] Request reached the end of the middleware pipeline without being handled by application code. Request path: GET http://localhost:5000/api/project/notice, Response status code: 404
2026-09-13 15:47:48.926 +07:00 [INF] Request reached the end of the middleware pipeline without being handled by application code. Request path: GET http://localhost:5000/api/activities, Response status code: 404
2026-09-13 15:47:48.930 +07:00 [INF] Request reached the end of the middleware pipeline without being handled by application code. Request path: GET http://localhost:5000/api/fake_workplace_chart_data, Response status code: 404
2026-09-13 15:47:49.954 +07:00 [INF] Request starting HTTP/1.1 GET http://localhost:5000/api/project/notice - null null
2026-09-13 15:47:49.954 +07:00 [INF] Request starting HTTP/1.1 GET http://localhost:5000/api/fake_workplace_chart_data - null null
2026-09-13 15:47:49.954 +07:00 [INF] Request starting HTTP/1.1 GET http://localhost:5000/api/activities - null null
2026-09-13 15:47:49.958 +07:00 [INF] HTTP GET /api/project/notice responded 404 in 0.3436 ms
2026-09-13 15:47:49.962 +07:00 [INF] HTTP GET /api/fake_workplace_chart_data responded 404 in 0.3072 ms
2026-09-13 15:47:49.966 +07:00 [INF] HTTP GET /api/activities responded 404 in 0.3059 ms
2026-09-13 15:47:49.968 +07:00 [INF] Request finished HTTP/1.1 GET http://localhost:5000/api/project/notice - 404 0 null 14.0379ms
2026-09-13 15:47:49.972 +07:00 [INF] Request finished HTTP/1.1 GET http://localhost:5000/api/fake_workplace_chart_data - 404 0 null 17.0592ms
2026-09-13 15:47:49.975 +07:00 [INF] Request finished HTTP/1.1 GET http://localhost:5000/api/activities - 404 0 null 20.3063ms
2026-09-13 15:47:49.979 +07:00 [INF] Request reached the end of the middleware pipeline without being handled by application code. Request path: GET http://localhost:5000/api/project/notice, Response status code: 404
2026-09-13 15:47:49.983 +07:00 [INF] Request reached the end of the middleware pipeline without being handled by application code. Request path: GET http://localhost:5000/api/fake_workplace_chart_data, Response status code: 404
2026-09-13 15:47:49.988 +07:00 [INF] Request reached the end of the middleware pipeline without being handled by application code. Request path: GET http://localhost:5000/api/activities, Response status code: 404
2026-09-13 15:47:51.987 +07:00 [INF] Request starting HTTP/1.1 GET http://localhost:5000/api/project/notice - null null
2026-09-13 15:47:51.991 +07:00 [INF] HTTP GET /api/project/notice responded 404 in 0.2708 ms
2026-09-13 15:47:51.994 +07:00 [INF] Request finished HTTP/1.1 GET http://localhost:5000/api/project/notice - 404 0 null 7.0201ms
2026-09-13 15:47:51.999 +07:00 [INF] Request reached the end of the middleware pipeline without being handled by application code. Request path: GET http://localhost:5000/api/project/notice, Response status code: 404
2026-09-13 15:47:52.000 +07:00 [INF] Request starting HTTP/1.1 GET http://localhost:5000/api/fake_workplace_chart_data - null null
2026-09-13 15:47:52.005 +07:00 [INF] HTTP GET /api/fake_workplace_chart_data responded 404 in 0.2072 ms
2026-09-13 15:47:52.009 +07:00 [INF] Request finished HTTP/1.1 GET http://localhost:5000/api/fake_workplace_chart_data - 404 0 null 8.8238ms
2026-09-13 15:47:52.013 +07:00 [INF] Request reached the end of the middleware pipeline without being handled by application code. Request path: GET http://localhost:5000/api/fake_workplace_chart_data, Response status code: 404
2026-09-13 15:47:52.016 +07:00 [INF] Request starting HTTP/1.1 GET http://localhost:5000/api/activities - null null
2026-09-13 15:47:52.020 +07:00 [INF] HTTP GET /api/activities responded 404 in 0.3141 ms
2026-09-13 15:47:52.023 +07:00 [INF] Request finished HTTP/1.1 GET http://localhost:5000/api/activities - 404 0 null 7.1403ms
2026-09-13 15:47:52.028 +07:00 [INF] Request reached the end of the middleware pipeline without being handled by application code. Request path: GET http://localhost:5000/api/activities, Response status code: 404
2026-09-13 15:47:56.024 +07:00 [INF] Request starting HTTP/1.1 GET http://localhost:5000/api/project/notice - null null
2026-09-13 15:47:56.030 +07:00 [INF] HTTP GET /api/project/notice responded 404 in 0.3200 ms
2026-09-13 15:47:56.035 +07:00 [INF] Request finished HTTP/1.1 GET http://localhost:5000/api/project/notice - 404 0 null 11.2082ms
2026-09-13 15:47:56.042 +07:00 [INF] Request reached the end of the middleware pipeline without being handled by application code. Request path: GET http://localhost:5000/api/project/notice, Response status code: 404
2026-09-13 15:47:56.047 +07:00 [INF] Request starting HTTP/1.1 GET http://localhost:5000/api/fake_workplace_chart_data - null null
2026-09-13 15:47:56.047 +07:00 [INF] Request starting HTTP/1.1 GET http://localhost:5000/api/activities - null null
2026-09-13 15:47:56.053 +07:00 [INF] HTTP GET /api/fake_workplace_chart_data responded 404 in 0.3917 ms
2026-09-13 15:47:56.057 +07:00 [INF] HTTP GET /api/activities responded 404 in 0.2288 ms
2026-09-13 15:47:56.059 +07:00 [INF] Request finished HTTP/1.1 GET http://localhost:5000/api/fake_workplace_chart_data - 404 0 null 12.0118ms
2026-09-13 15:47:56.062 +07:00 [INF] Request finished HTTP/1.1 GET http://localhost:5000/api/activities - 404 0 null 14.4748ms
2026-09-13 15:47:56.066 +07:00 [INF] Request reached the end of the middleware pipeline without being handled by application code. Request path: GET http://localhost:5000/api/fake_workplace_chart_data, Response status code: 404
2026-09-13 15:47:56.070 +07:00 [INF] Request reached the end of the middleware pipeline without being handled by application code. Request path: GET http://localhost:5000/api/activities, Response status code: 404
2026-09-13 15:48:59.914 +07:00 [INF] Request starting HTTP/1.1 GET http://localhost:5000/api/project/notice - null null
2026-09-13 15:48:59.914 +07:00 [INF] Request starting HTTP/1.1 GET http://localhost:5000/api/activities - null null
2026-09-13 15:48:59.914 +07:00 [INF] Request starting HTTP/1.1 GET http://localhost:5000/api/fake_workplace_chart_data - null null
2026-09-13 15:48:59.918 +07:00 [INF] HTTP GET /api/project/notice responded 404 in 0.1856 ms
2026-09-13 15:48:59.922 +07:00 [INF] HTTP GET /api/activities responded 404 in 0.1989 ms
2026-09-13 15:48:59.926 +07:00 [INF] HTTP GET /api/fake_workplace_chart_data responded 404 in 0.2772 ms
2026-09-13 15:48:59.928 +07:00 [INF] Request finished HTTP/1.1 GET http://localhost:5000/api/project/notice - 404 0 null 14.0141ms
2026-09-13 15:48:59.930 +07:00 [INF] Request finished HTTP/1.1 GET http://localhost:5000/api/activities - 404 0 null 15.8738ms
2026-09-13 15:48:59.932 +07:00 [INF] Request finished HTTP/1.1 GET http://localhost:5000/api/fake_workplace_chart_data - 404 0 null 17.8938ms
2026-09-13 15:48:59.936 +07:00 [INF] Request reached the end of the middleware pipeline without being handled by application code. Request path: GET http://localhost:5000/api/project/notice, Response status code: 404
2026-09-13 15:48:59.940 +07:00 [INF] Request reached the end of the middleware pipeline without being handled by application code. Request path: GET http://localhost:5000/api/activities, Response status code: 404
2026-09-13 15:48:59.945 +07:00 [INF] Request reached the end of the middleware pipeline without being handled by application code. Request path: GET http://localhost:5000/api/fake_workplace_chart_data, Response status code: 404
2026-09-13 15:49:00.976 +07:00 [INF] Request starting HTTP/1.1 GET http://localhost:5000/api/project/notice - null null
2026-09-13 15:49:00.976 +07:00 [INF] Request starting HTTP/1.1 GET http://localhost:5000/api/activities - null null
2026-09-13 15:49:00.976 +07:00 [INF] Request starting HTTP/1.1 GET http://localhost:5000/api/fake_workplace_chart_data - null null
2026-09-13 15:49:00.980 +07:00 [INF] HTTP GET /api/project/notice responded 404 in 0.1963 ms
2026-09-13 15:49:00.983 +07:00 [INF] HTTP GET /api/activities responded 404 in 0.2713 ms
2026-09-13 15:49:00.986 +07:00 [INF] HTTP GET /api/fake_workplace_chart_data responded 404 in 0.3997 ms
2026-09-13 15:49:00.988 +07:00 [INF] Request finished HTTP/1.1 GET http://localhost:5000/api/project/notice - 404 0 null 11.7548ms
2026-09-13 15:49:00.991 +07:00 [INF] Request finished HTTP/1.1 GET http://localhost:5000/api/activities - 404 0 null 14.2532ms
2026-09-13 15:49:00.993 +07:00 [INF] Request finished HTTP/1.1 GET http://localhost:5000/api/fake_workplace_chart_data - 404 0 null 16.5994ms
2026-09-13 15:49:00.997 +07:00 [INF] Request reached the end of the middleware pipeline without being handled by application code. Request path: GET http://localhost:5000/api/project/notice, Response status code: 404
2026-09-13 15:49:01.001 +07:00 [INF] Request reached the end of the middleware pipeline without being handled by application code. Request path: GET http://localhost:5000/api/activities, Response status code: 404
2026-09-13 15:49:01.005 +07:00 [INF] Request reached the end of the middleware pipeline without being handled by application code. Request path: GET http://localhost:5000/api/fake_workplace_chart_data, Response status code: 404
2026-09-13 15:59:00.142 +07:00 [INF] Request starting HTTP/1.1 GET http://localhost:5000/api/project/notice - null null
2026-09-13 15:59:00.143 +07:00 [INF] Request starting HTTP/1.1 GET http://localhost:5000/api/activities - null null
2026-09-13 15:59:00.143 +07:00 [INF] Request starting HTTP/1.1 GET http://localhost:5000/api/fake_workplace_chart_data - null null
2026-09-13 15:59:00.147 +07:00 [INF] HTTP GET /api/project/notice responded 404 in 0.4534 ms
2026-09-13 15:59:00.150 +07:00 [INF] HTTP GET /api/activities responded 404 in 0.1705 ms
2026-09-13 15:59:00.153 +07:00 [INF] HTTP GET /api/fake_workplace_chart_data responded 404 in 0.3496 ms
2026-09-13 15:59:00.155 +07:00 [INF] Request finished HTTP/1.1 GET http://localhost:5000/api/project/notice - 404 0 null 12.6256ms
2026-09-13 15:59:00.157 +07:00 [INF] Request finished HTTP/1.1 GET http://localhost:5000/api/activities - 404 0 null 14.9205ms
2026-09-13 15:59:00.160 +07:00 [INF] Request finished HTTP/1.1 GET http://localhost:5000/api/fake_workplace_chart_data - 404 0 null 16.8965ms
2026-09-13 15:59:00.164 +07:00 [INF] Request reached the end of the middleware pipeline without being handled by application code. Request path: GET http://localhost:5000/api/project/notice, Response status code: 404
2026-09-13 15:59:00.168 +07:00 [INF] Request reached the end of the middleware pipeline without being handled by application code. Request path: GET http://localhost:5000/api/activities, Response status code: 404
2026-09-13 15:59:00.172 +07:00 [INF] Request reached the end of the middleware pipeline without being handled by application code. Request path: GET http://localhost:5000/api/fake_workplace_chart_data, Response status code: 404
2026-09-13 15:59:04.202 +07:00 [INF] Request starting HTTP/1.1 GET http://localhost:5000/api/project/notice - null null
2026-09-13 15:59:04.202 +07:00 [INF] Request starting HTTP/1.1 GET http://localhost:5000/api/activities - null null
2026-09-13 15:59:04.202 +07:00 [INF] Request starting HTTP/1.1 GET http://localhost:5000/api/fake_workplace_chart_data - null null
2026-09-13 15:59:04.206 +07:00 [INF] HTTP GET /api/project/notice responded 404 in 0.3459 ms
2026-09-13 15:59:04.210 +07:00 [INF] HTTP GET /api/activities responded 404 in 0.3675 ms
2026-09-13 15:59:04.214 +07:00 [INF] HTTP GET /api/fake_workplace_chart_data responded 404 in 0.2527 ms
2026-09-13 15:59:04.216 +07:00 [INF] Request finished HTTP/1.1 GET http://localhost:5000/api/project/notice - 404 0 null 14.2803ms
2026-09-13 15:59:04.219 +07:00 [INF] Request finished HTTP/1.1 GET http://localhost:5000/api/activities - 404 0 null 17.0887ms
2026-09-13 15:59:04.223 +07:00 [INF] Request finished HTTP/1.1 GET http://localhost:5000/api/fake_workplace_chart_data - 404 0 null 20.5782ms
2026-09-13 15:59:04.228 +07:00 [INF] Request reached the end of the middleware pipeline without being handled by application code. Request path: GET http://localhost:5000/api/project/notice, Response status code: 404
2026-09-13 15:59:04.232 +07:00 [INF] Request reached the end of the middleware pipeline without being handled by application code. Request path: GET http://localhost:5000/api/activities, Response status code: 404
2026-09-13 15:59:04.236 +07:00 [INF] Request reached the end of the middleware pipeline without being handled by application code. Request path: GET http://localhost:5000/api/fake_workplace_chart_data, Response status code: 404
2026-09-13 15:59:10.059 +07:00 [INF] Request starting HTTP/1.1 GET http://localhost:5000/api/project/notice - null null
2026-09-13 15:59:10.059 +07:00 [INF] Request starting HTTP/1.1 GET http://localhost:5000/api/activities - null null
2026-09-13 15:59:10.060 +07:00 [INF] Request starting HTTP/1.1 GET http://localhost:5000/api/fake_workplace_chart_data - null null
2026-09-13 15:59:10.063 +07:00 [INF] HTTP GET /api/project/notice responded 404 in 0.2152 ms
2026-09-13 15:59:10.067 +07:00 [INF] HTTP GET /api/activities responded 404 in 0.2735 ms
2026-09-13 15:59:10.070 +07:00 [INF] HTTP GET /api/fake_workplace_chart_data responded 404 in 0.1791 ms
2026-09-13 15:59:10.073 +07:00 [INF] Request finished HTTP/1.1 GET http://localhost:5000/api/project/notice - 404 0 null 13.3248ms
2026-09-13 15:59:10.075 +07:00 [INF] Request finished HTTP/1.1 GET http://localhost:5000/api/activities - 404 0 null 15.6125ms
2026-09-13 15:59:10.077 +07:00 [INF] Request finished HTTP/1.1 GET http://localhost:5000/api/fake_workplace_chart_data - 404 0 null 17.5427ms
2026-09-13 15:59:10.081 +07:00 [INF] Request reached the end of the middleware pipeline without being handled by application code. Request path: GET http://localhost:5000/api/project/notice, Response status code: 404
2026-09-13 15:59:10.086 +07:00 [INF] Request reached the end of the middleware pipeline without being handled by application code. Request path: GET http://localhost:5000/api/activities, Response status code: 404
2026-09-13 15:59:10.090 +07:00 [INF] Request reached the end of the middleware pipeline without being handled by application code. Request path: GET http://localhost:5000/api/fake_workplace_chart_data, Response status code: 404
2026-09-13 16:00:27.583 +07:00 [INF] Request starting HTTP/1.1 GET http://localhost:5000/api/activities - null null
2026-09-13 16:00:27.584 +07:00 [INF] Request starting HTTP/1.1 GET http://localhost:5000/api/project/notice - null null
2026-09-13 16:00:27.584 +07:00 [INF] Request starting HTTP/1.1 GET http://localhost:5000/api/fake_workplace_chart_data - null null
2026-09-13 16:00:27.587 +07:00 [INF] HTTP GET /api/activities responded 404 in 0.2873 ms
2026-09-13 16:00:27.591 +07:00 [INF] HTTP GET /api/project/notice responded 404 in 0.4031 ms
2026-09-13 16:00:27.595 +07:00 [INF] HTTP GET /api/fake_workplace_chart_data responded 404 in 0.3302 ms
2026-09-13 16:00:27.597 +07:00 [INF] Request finished HTTP/1.1 GET http://localhost:5000/api/activities - 404 0 null 13.7413ms
2026-09-13 16:00:27.600 +07:00 [INF] Request finished HTTP/1.1 GET http://localhost:5000/api/project/notice - 404 0 null 16.0458ms
2026-09-13 16:00:27.602 +07:00 [INF] Request finished HTTP/1.1 GET http://localhost:5000/api/fake_workplace_chart_data - 404 0 null 18.2382ms
2026-09-13 16:00:27.606 +07:00 [INF] Request reached the end of the middleware pipeline without being handled by application code. Request path: GET http://localhost:5000/api/activities, Response status code: 404
2026-09-13 16:00:27.611 +07:00 [INF] Request reached the end of the middleware pipeline without being handled by application code. Request path: GET http://localhost:5000/api/project/notice, Response status code: 404
2026-09-13 16:00:27.615 +07:00 [INF] Request reached the end of the middleware pipeline without being handled by application code. Request path: GET http://localhost:5000/api/fake_workplace_chart_data, Response status code: 404
2026-09-13 16:00:31.194 +07:00 [INF] Request starting HTTP/1.1 GET http://localhost:5000/api/project/notice - null null
2026-09-13 16:00:31.194 +07:00 [INF] Request starting HTTP/1.1 GET http://localhost:5000/api/activities - null null
2026-09-13 16:00:31.194 +07:00 [INF] Request starting HTTP/1.1 GET http://localhost:5000/api/fake_workplace_chart_data - null null
2026-09-13 16:00:31.199 +07:00 [INF] HTTP GET /api/project/notice responded 404 in 0.2330 ms
2026-09-13 16:00:31.203 +07:00 [INF] HTTP GET /api/activities responded 404 in 0.3901 ms
2026-09-13 16:00:31.207 +07:00 [INF] HTTP GET /api/fake_workplace_chart_data responded 404 in 0.2202 ms
2026-09-13 16:00:31.210 +07:00 [INF] Request finished HTTP/1.1 GET http://localhost:5000/api/project/notice - 404 0 null 15.8544ms
2026-09-13 16:00:31.212 +07:00 [INF] Request finished HTTP/1.1 GET http://localhost:5000/api/activities - 404 0 null 18.5109ms
2026-09-13 16:00:31.215 +07:00 [INF] Request finished HTTP/1.1 GET http://localhost:5000/api/fake_workplace_chart_data - 404 0 null 20.9497ms
2026-09-13 16:00:31.220 +07:00 [INF] Request reached the end of the middleware pipeline without being handled by application code. Request path: GET http://localhost:5000/api/project/notice, Response status code: 404
2026-09-13 16:00:31.224 +07:00 [INF] Request reached the end of the middleware pipeline without being handled by application code. Request path: GET http://localhost:5000/api/activities, Response status code: 404
2026-09-13 16:00:31.228 +07:00 [INF] Request reached the end of the middleware pipeline without being handled by application code. Request path: GET http://localhost:5000/api/fake_workplace_chart_data, Response status code: 404
2026-09-13 16:03:20.799 +07:00 [INF] Request starting HTTP/1.1 GET http://localhost:5000/api/activities - null null
2026-09-13 16:03:20.799 +07:00 [INF] Request starting HTTP/1.1 GET http://localhost:5000/api/fake_workplace_chart_data - null null
2026-09-13 16:03:20.799 +07:00 [INF] Request starting HTTP/1.1 GET http://localhost:5000/api/project/notice - null null
2026-09-13 16:03:20.802 +07:00 [INF] HTTP GET /api/activities responded 404 in 0.2860 ms
2026-09-13 16:03:20.805 +07:00 [INF] HTTP GET /api/fake_workplace_chart_data responded 404 in 0.2479 ms
2026-09-13 16:03:20.808 +07:00 [INF] HTTP GET /api/project/notice responded 404 in 0.2108 ms
2026-09-13 16:03:20.810 +07:00 [INF] Request finished HTTP/1.1 GET http://localhost:5000/api/activities - 404 0 null 11.8636ms
2026-09-13 16:03:20.813 +07:00 [INF] Request finished HTTP/1.1 GET http://localhost:5000/api/fake_workplace_chart_data - 404 0 null 14.2061ms
2026-09-13 16:03:20.816 +07:00 [INF] Request finished HTTP/1.1 GET http://localhost:5000/api/project/notice - 404 0 null 16.2788ms
2026-09-13 16:03:20.820 +07:00 [INF] Request reached the end of the middleware pipeline without being handled by application code. Request path: GET http://localhost:5000/api/activities, Response status code: 404
2026-09-13 16:03:20.825 +07:00 [INF] Request reached the end of the middleware pipeline without being handled by application code. Request path: GET http://localhost:5000/api/fake_workplace_chart_data, Response status code: 404
2026-09-13 16:03:20.831 +07:00 [INF] Request reached the end of the middleware pipeline without being handled by application code. Request path: GET http://localhost:5000/api/project/notice, Response status code: 404
2026-09-13 16:06:07.553 +07:00 [INF] Request starting HTTP/1.1 GET http://localhost:5000/api/fake_workplace_chart_data - null null
2026-09-13 16:06:07.554 +07:00 [INF] Request starting HTTP/1.1 GET http://localhost:5000/api/project/notice - null null
2026-09-13 16:06:07.554 +07:00 [INF] Request starting HTTP/1.1 GET http://localhost:5000/api/activities - null null
2026-09-13 16:06:07.558 +07:00 [INF] HTTP GET /api/fake_workplace_chart_data responded 404 in 0.2267 ms
2026-09-13 16:06:07.561 +07:00 [INF] HTTP GET /api/project/notice responded 404 in 0.1962 ms
2026-09-13 16:06:07.564 +07:00 [INF] HTTP GET /api/activities responded 404 in 0.1870 ms
2026-09-13 16:06:07.567 +07:00 [INF] Request finished HTTP/1.1 GET http://localhost:5000/api/fake_workplace_chart_data - 404 0 null 13.7219ms
2026-09-13 16:06:07.570 +07:00 [INF] Request finished HTTP/1.1 GET http://localhost:5000/api/project/notice - 404 0 null 16.0589ms
2026-09-13 16:06:07.572 +07:00 [INF] Request finished HTTP/1.1 GET http://localhost:5000/api/activities - 404 0 null 18.5638ms
2026-09-13 16:06:07.576 +07:00 [INF] Request reached the end of the middleware pipeline without being handled by application code. Request path: GET http://localhost:5000/api/fake_workplace_chart_data, Response status code: 404
2026-09-13 16:06:07.581 +07:00 [INF] Request reached the end of the middleware pipeline without being handled by application code. Request path: GET http://localhost:5000/api/project/notice, Response status code: 404
2026-09-13 16:06:07.586 +07:00 [INF] Request reached the end of the middleware pipeline without being handled by application code. Request path: GET http://localhost:5000/api/activities, Response status code: 404
2026-09-13 16:06:08.607 +07:00 [INF] Request starting HTTP/1.1 GET http://localhost:5000/api/fake_workplace_chart_data - null null
2026-09-13 16:06:08.608 +07:00 [INF] Request starting HTTP/1.1 GET http://localhost:5000/api/project/notice - null null
2026-09-13 16:06:08.608 +07:00 [INF] Request starting HTTP/1.1 GET http://localhost:5000/api/activities - null null
2026-09-13 16:06:08.611 +07:00 [INF] HTTP GET /api/fake_workplace_chart_data responded 404 in 0.1975 ms
2026-09-13 16:06:08.615 +07:00 [INF] HTTP GET /api/project/notice responded 404 in 0.2465 ms
2026-09-13 16:06:08.619 +07:00 [INF] HTTP GET /api/activities responded 404 in 0.2167 ms
2026-09-13 16:06:08.621 +07:00 [INF] Request finished HTTP/1.1 GET http://localhost:5000/api/fake_workplace_chart_data - 404 0 null 13.2568ms
2026-09-13 16:06:08.624 +07:00 [INF] Request finished HTTP/1.1 GET http://localhost:5000/api/project/notice - 404 0 null 16.0152ms
2026-09-13 16:06:08.627 +07:00 [INF] Request finished HTTP/1.1 GET http://localhost:5000/api/activities - 404 0 null 19.144ms
2026-09-13 16:06:08.631 +07:00 [INF] Request reached the end of the middleware pipeline without being handled by application code. Request path: GET http://localhost:5000/api/fake_workplace_chart_data, Response status code: 404
2026-09-13 16:06:08.635 +07:00 [INF] Request reached the end of the middleware pipeline without being handled by application code. Request path: GET http://localhost:5000/api/project/notice, Response status code: 404
2026-09-13 16:06:08.640 +07:00 [INF] Request reached the end of the middleware pipeline without being handled by application code. Request path: GET http://localhost:5000/api/activities, Response status code: 404
2026-09-13 16:06:34.596 +07:00 [INF] Request starting HTTP/1.1 GET http://localhost:5000/api/project/notice - null null
2026-09-13 16:06:34.599 +07:00 [INF] HTTP GET /api/project/notice responded 404 in 0.2148 ms
2026-09-13 16:06:34.603 +07:00 [INF] Request finished HTTP/1.1 GET http://localhost:5000/api/project/notice - 404 0 null 6.4769ms
2026-09-13 16:06:34.607 +07:00 [INF] Request starting HTTP/1.1 GET http://localhost:5000/api/activities - null null
2026-09-13 16:06:34.607 +07:00 [INF] Request starting HTTP/1.1 GET http://localhost:5000/api/fake_workplace_chart_data - null null
2026-09-13 16:06:34.607 +07:00 [INF] Request reached the end of the middleware pipeline without being handled by application code. Request path: GET http://localhost:5000/api/project/notice, Response status code: 404
2026-09-13 16:06:34.611 +07:00 [INF] HTTP GET /api/activities responded 404 in 0.2074 ms
2026-09-13 16:06:34.614 +07:00 [INF] HTTP GET /api/fake_workplace_chart_data responded 404 in 0.2264 ms
2026-09-13 16:06:34.619 +07:00 [INF] Request finished HTTP/1.1 GET http://localhost:5000/api/activities - 404 0 null 12.619ms
2026-09-13 16:06:34.622 +07:00 [INF] Request finished HTTP/1.1 GET http://localhost:5000/api/fake_workplace_chart_data - 404 0 null 14.7324ms
2026-09-13 16:06:34.626 +07:00 [INF] Request reached the end of the middleware pipeline without being handled by application code. Request path: GET http://localhost:5000/api/activities, Response status code: 404
2026-09-13 16:06:34.631 +07:00 [INF] Request reached the end of the middleware pipeline without being handled by application code. Request path: GET http://localhost:5000/api/fake_workplace_chart_data, Response status code: 404
2026-09-13 16:06:39.011 +07:00 [INF] Request starting HTTP/1.1 GET http://localhost:5000/api/project/notice - null null
2026-09-13 16:06:39.016 +07:00 [INF] HTTP GET /api/project/notice responded 404 in 0.3452 ms
2026-09-13 16:06:39.018 +07:00 [INF] Request finished HTTP/1.1 GET http://localhost:5000/api/project/notice - 404 0 null 7.7465ms
2026-09-13 16:06:39.022 +07:00 [INF] Request starting HTTP/1.1 GET http://localhost:5000/api/activities - null null
2026-09-13 16:06:39.023 +07:00 [INF] Request starting HTTP/1.1 GET http://localhost:5000/api/fake_workplace_chart_data - null null
2026-09-13 16:06:39.023 +07:00 [INF] Request reached the end of the middleware pipeline without being handled by application code. Request path: GET http://localhost:5000/api/project/notice, Response status code: 404
2026-09-13 16:06:39.027 +07:00 [INF] HTTP GET /api/activities responded 404 in 0.1904 ms
2026-09-13 16:06:39.030 +07:00 [INF] HTTP GET /api/fake_workplace_chart_data responded 404 in 0.2261 ms
2026-09-13 16:06:39.034 +07:00 [INF] Request finished HTTP/1.1 GET http://localhost:5000/api/activities - 404 0 null 11.3459ms
2026-09-13 16:06:39.036 +07:00 [INF] Request finished HTTP/1.1 GET http://localhost:5000/api/fake_workplace_chart_data - 404 0 null 13.4682ms
2026-09-13 16:06:39.040 +07:00 [INF] Request reached the end of the middleware pipeline without being handled by application code. Request path: GET http://localhost:5000/api/activities, Response status code: 404
2026-09-13 16:06:39.045 +07:00 [INF] Request reached the end of the middleware pipeline without being handled by application code. Request path: GET http://localhost:5000/api/fake_workplace_chart_data, Response status code: 404
2026-09-13 16:24:35.256 +07:00 [INF] Request starting HTTP/1.1 GET http://localhost:5000/api/currentUser - null null
2026-09-13 16:24:35.262 +07:00 [INF] Executing endpoint 'CloudSafe.Api.Controllers.UserController.GetCurrentUser (CloudSafe.Api)'
2026-09-13 16:24:35.264 +07:00 [INF] Route matched with {action = "GetCurrentUser", controller = "User"}. Executing controller action with signature System.Threading.Tasks.Task`1[Microsoft.AspNetCore.Mvc.IActionResult] GetCurrentUser() on controller CloudSafe.Api.Controllers.UserController (CloudSafe.Api).
2026-09-13 16:24:35.377 +07:00 [INF] Executed DbCommand (7ms) [Parameters=[@__CurrentUserId_0='?' (DbType = Guid)], CommandType='"Text"', CommandTimeout='30']
SELECT u."Id", u."Address", u."Avatar", u."CreatedAt", u."Email", u."Group", u."Name", u."PasswordHash", u."Phone", u."Role", u."Signature", u."Title", u."UpdatedAt", u."Username"
FROM "Users" AS u
WHERE u."Id" = @__CurrentUserId_0
LIMIT 1
2026-09-13 16:24:35.388 +07:00 [INF] Executed DbCommand (7ms) [Parameters=[@__CurrentUserId_0='?' (DbType = Guid)], CommandType='"Text"', CommandTimeout='30']
SELECT count(*)::int
FROM "Notices" AS n
WHERE n."UserId" = @__CurrentUserId_0 AND n."Status" = 0
2026-09-13 16:24:35.391 +07:00 [INF] Executing OkObjectResult, writing value of type '<>f__AnonymousType7`1[[CloudSafe.Api.DTOs.CurrentUserDto, CloudSafe.Api, Version=1.0.0.0, Culture=neutral, PublicKeyToken=null]]'.
2026-09-13 16:24:35.393 +07:00 [INF] Executed action CloudSafe.Api.Controllers.UserController.GetCurrentUser (CloudSafe.Api) in 125.2151ms
2026-09-13 16:24:35.395 +07:00 [INF] Executed endpoint 'CloudSafe.Api.Controllers.UserController.GetCurrentUser (CloudSafe.Api)'
2026-09-13 16:24:35.396 +07:00 [INF] HTTP GET /api/currentUser responded 200 in 135.2968 ms
2026-09-13 16:24:35.399 +07:00 [INF] Request finished HTTP/1.1 GET http://localhost:5000/api/currentUser - 200 null application/json; charset=utf-8 142.6095ms
2026-09-13 16:24:36.007 +07:00 [INF] Request starting HTTP/1.1 GET http://localhost:5000/api/keys - null null
2026-09-13 16:24:36.012 +07:00 [INF] Executing endpoint 'CloudSafe.Api.Controllers.KeysController.List (CloudSafe.Api)'
2026-09-13 16:24:36.015 +07:00 [INF] Route matched with {action = "List", controller = "Keys"}. Executing controller action with signature System.Threading.Tasks.Task`1[Microsoft.AspNetCore.Mvc.IActionResult] List() on controller CloudSafe.Api.Controllers.KeysController (CloudSafe.Api).
2026-09-13 16:24:36.027 +07:00 [INF] Executed DbCommand (8ms) [Parameters=[@__CurrentUserId_0='?' (DbType = Guid)], CommandType='"Text"', CommandTimeout='30']
SELECT r."Id", r."Algorithm", r."CreatedAt", r."KeySize", r."Name", r."OwnerId", r."PublicKeyFingerprint", r."PublicKeyPem", r."RevokedAt", r."Status"
FROM "RsaKeyPairs" AS r
WHERE r."OwnerId" = @__CurrentUserId_0
ORDER BY r."CreatedAt" DESC
2026-09-13 16:24:36.037 +07:00 [INF] Executed DbCommand (5ms) [Parameters=[@__CurrentUserId_0='?' (DbType = Guid)], CommandType='"Text"', CommandTimeout='30']
SELECT e."KeyPairId" AS "KeyId", count(*)::int AS "Count"
FROM "EncryptedFiles" AS e
WHERE e."OwnerId" = @__CurrentUserId_0
GROUP BY e."KeyPairId"
2026-09-13 16:24:36.039 +07:00 [INF] Executing OkObjectResult, writing value of type '<>f__AnonymousType21`2[[System.Collections.Generic.IEnumerable`1[[CloudSafe.Api.DTOs.KeyPairDto, CloudSafe.Api, Version=1.0.0.0, Culture=neutral, PublicKeyToken=null]], System.Private.CoreLib, Version=9.0.0.0, Culture=neutral, PublicKeyToken=7cec85d7bea7798e],[System.Boolean, System.Private.CoreLib, Version=9.0.0.0, Culture=neutral, PublicKeyToken=7cec85d7bea7798e]]'.
2026-09-13 16:24:36.042 +07:00 [INF] Executed action CloudSafe.Api.Controllers.KeysController.List (CloudSafe.Api) in 23.6039ms
2026-09-13 16:24:36.044 +07:00 [INF] Executed endpoint 'CloudSafe.Api.Controllers.KeysController.List (CloudSafe.Api)'
2026-09-13 16:24:36.045 +07:00 [INF] HTTP GET /api/keys responded 200 in 33.1287 ms
2026-09-13 16:24:36.048 +07:00 [INF] Request finished HTTP/1.1 GET http://localhost:5000/api/keys - 200 null application/json; charset=utf-8 41.7078ms
2026-09-13 16:24:39.948 +07:00 [INF] Request starting HTTP/1.1 GET http://localhost:5000/api/keys/e5cfda35-3102-49b8-b391-36744840f107/public - null null
2026-09-13 16:24:39.952 +07:00 [INF] Executing endpoint 'CloudSafe.Api.Controllers.KeysController.GetPublicKey (CloudSafe.Api)'
2026-09-13 16:24:39.954 +07:00 [INF] Route matched with {action = "GetPublicKey", controller = "Keys"}. Executing controller action with signature System.Threading.Tasks.Task`1[Microsoft.AspNetCore.Mvc.IActionResult] GetPublicKey(System.Guid) on controller CloudSafe.Api.Controllers.KeysController (CloudSafe.Api).
2026-09-13 16:24:39.960 +07:00 [INF] Executed DbCommand (1ms) [Parameters=[@__id_0='?' (DbType = Guid)], CommandType='"Text"', CommandTimeout='30']
SELECT r."Id", r."PublicKeyPem", r."PublicKeyFingerprint", r."Algorithm", r."KeySize"
FROM "RsaKeyPairs" AS r
WHERE r."Id" = @__id_0 AND r."Status" = 0
LIMIT 1
2026-09-13 16:24:39.965 +07:00 [INF] Executing OkObjectResult, writing value of type '<>f__AnonymousType7`1[[<>f__AnonymousType22`5[[System.Guid, System.Private.CoreLib, Version=9.0.0.0, Culture=neutral, PublicKeyToken=7cec85d7bea7798e],[System.String, System.Private.CoreLib, Version=9.0.0.0, Culture=neutral, PublicKeyToken=7cec85d7bea7798e],[System.String, System.Private.CoreLib, Version=9.0.0.0, Culture=neutral, PublicKeyToken=7cec85d7bea7798e],[System.String, System.Private.CoreLib, Version=9.0.0.0, Culture=neutral, PublicKeyToken=7cec85d7bea7798e],[System.Int32, System.Private.CoreLib, Version=9.0.0.0, Culture=neutral, PublicKeyToken=7cec85d7bea7798e]], CloudSafe.Api, Version=1.0.0.0, Culture=neutral, PublicKeyToken=null]]'.
2026-09-13 16:24:39.967 +07:00 [INF] Executed action CloudSafe.Api.Controllers.KeysController.GetPublicKey (CloudSafe.Api) in 10.5874ms
2026-09-13 16:24:39.970 +07:00 [INF] Executed endpoint 'CloudSafe.Api.Controllers.KeysController.GetPublicKey (CloudSafe.Api)'
2026-09-13 16:24:39.971 +07:00 [INF] HTTP GET /api/keys/e5cfda35-3102-49b8-b391-36744840f107/public responded 200 in 19.1058 ms
2026-09-13 16:24:39.975 +07:00 [INF] Request finished HTTP/1.1 GET http://localhost:5000/api/keys/e5cfda35-3102-49b8-b391-36744840f107/public - 200 null application/json; charset=utf-8 26.643ms
2026-09-13 16:24:50.492 +07:00 [INF] Request starting HTTP/1.1 GET http://localhost:5000/api/rule?current=1&pageSize=20 - null null
2026-09-13 16:24:50.497 +07:00 [INF] Executing endpoint 'CloudSafe.Api.Controllers.RuleController.List (CloudSafe.Api)'
2026-09-13 16:24:50.499 +07:00 [INF] Route matched with {action = "List", controller = "Rule"}. Executing controller action with signature System.Threading.Tasks.Task`1[Microsoft.AspNetCore.Mvc.IActionResult] List(Int32, Int32, System.String) on controller CloudSafe.Api.Controllers.RuleController (CloudSafe.Api).
2026-09-13 16:24:50.505 +07:00 [INF] Executed DbCommand (1ms) [Parameters=[@__CurrentUserId_0='?' (DbType = Guid)], CommandType='"Text"', CommandTimeout='30']
SELECT count(*)::int
FROM "EncryptedFiles" AS e
WHERE e."OwnerId" = @__CurrentUserId_0 AND e."Status" <> 2
2026-09-13 16:24:50.511 +07:00 [INF] Executed DbCommand (2ms) [Parameters=[@__CurrentUserId_0='?' (DbType = Guid), @__p_2='?' (DbType = Int32), @__p_1='?' (DbType = Int32)], CommandType='"Text"', CommandTimeout='30']
SELECT e0."Id", e0."Algorithm", e0."AuthTag", e0."CreatedAt", e0."EncryptedAesKey", e0."FileSizeBytes", e0."Iv", e0."KeyPairId", e0."MimeType", e0."OriginalName", e0."OwnerId", e0."Status", e0."StoragePath", e0."UpdatedAt", u."Id", u."Address", u."Avatar", u."CreatedAt", u."Email", u."Group", u."Name", u."PasswordHash", u."Phone", u."Role", u."Signature", u."Title", u."UpdatedAt", u."Username"
FROM (
    SELECT e."Id", e."Algorithm", e."AuthTag", e."CreatedAt", e."EncryptedAesKey", e."FileSizeBytes", e."Iv", e."KeyPairId", e."MimeType", e."OriginalName", e."OwnerId", e."Status", e."StoragePath", e."UpdatedAt"
    FROM "EncryptedFiles" AS e
    WHERE e."OwnerId" = @__CurrentUserId_0 AND e."Status" <> 2
    ORDER BY e."CreatedAt" DESC
    LIMIT @__p_2 OFFSET @__p_1
) AS e0
INNER JOIN "Users" AS u ON e0."OwnerId" = u."Id"
ORDER BY e0."CreatedAt" DESC
2026-09-13 16:24:50.515 +07:00 [INF] Executing OkObjectResult, writing value of type 'CloudSafe.Api.DTOs.TableListResult'.
2026-09-13 16:24:50.519 +07:00 [INF] Executed action CloudSafe.Api.Controllers.RuleController.List (CloudSafe.Api) in 16.4635ms
2026-09-13 16:24:50.521 +07:00 [INF] Executed endpoint 'CloudSafe.Api.Controllers.RuleController.List (CloudSafe.Api)'
2026-09-13 16:24:50.522 +07:00 [INF] HTTP GET /api/rule responded 200 in 25.4900 ms
2026-09-13 16:24:50.526 +07:00 [INF] Request finished HTTP/1.1 GET http://localhost:5000/api/rule?current=1&pageSize=20 - 200 null application/json; charset=utf-8 33.2269ms
2026-09-13 16:25:00.709 +07:00 [INF] Request starting HTTP/1.1 GET http://localhost:5000/api/rule?current=1&pageSize=20 - null null
2026-09-13 16:25:00.715 +07:00 [INF] Executing endpoint 'CloudSafe.Api.Controllers.RuleController.List (CloudSafe.Api)'
2026-09-13 16:25:00.716 +07:00 [INF] Route matched with {action = "List", controller = "Rule"}. Executing controller action with signature System.Threading.Tasks.Task`1[Microsoft.AspNetCore.Mvc.IActionResult] List(Int32, Int32, System.String) on controller CloudSafe.Api.Controllers.RuleController (CloudSafe.Api).
2026-09-13 16:25:00.721 +07:00 [INF] Executed DbCommand (1ms) [Parameters=[@__CurrentUserId_0='?' (DbType = Guid)], CommandType='"Text"', CommandTimeout='30']
SELECT count(*)::int
FROM "EncryptedFiles" AS e
WHERE e."OwnerId" = @__CurrentUserId_0 AND e."Status" <> 2
2026-09-13 16:25:00.727 +07:00 [INF] Executed DbCommand (1ms) [Parameters=[@__CurrentUserId_0='?' (DbType = Guid), @__p_2='?' (DbType = Int32), @__p_1='?' (DbType = Int32)], CommandType='"Text"', CommandTimeout='30']
SELECT e0."Id", e0."Algorithm", e0."AuthTag", e0."CreatedAt", e0."EncryptedAesKey", e0."FileSizeBytes", e0."Iv", e0."KeyPairId", e0."MimeType", e0."OriginalName", e0."OwnerId", e0."Status", e0."StoragePath", e0."UpdatedAt", u."Id", u."Address", u."Avatar", u."CreatedAt", u."Email", u."Group", u."Name", u."PasswordHash", u."Phone", u."Role", u."Signature", u."Title", u."UpdatedAt", u."Username"
FROM (
    SELECT e."Id", e."Algorithm", e."AuthTag", e."CreatedAt", e."EncryptedAesKey", e."FileSizeBytes", e."Iv", e."KeyPairId", e."MimeType", e."OriginalName", e."OwnerId", e."Status", e."StoragePath", e."UpdatedAt"
    FROM "EncryptedFiles" AS e
    WHERE e."OwnerId" = @__CurrentUserId_0 AND e."Status" <> 2
    ORDER BY e."CreatedAt" DESC
    LIMIT @__p_2 OFFSET @__p_1
) AS e0
INNER JOIN "Users" AS u ON e0."OwnerId" = u."Id"
ORDER BY e0."CreatedAt" DESC
2026-09-13 16:25:00.731 +07:00 [INF] Executing OkObjectResult, writing value of type 'CloudSafe.Api.DTOs.TableListResult'.
2026-09-13 16:25:00.733 +07:00 [INF] Executed action CloudSafe.Api.Controllers.RuleController.List (CloudSafe.Api) in 13.6032ms
2026-09-13 16:25:00.735 +07:00 [INF] Executed endpoint 'CloudSafe.Api.Controllers.RuleController.List (CloudSafe.Api)'
2026-09-13 16:25:00.736 +07:00 [INF] HTTP GET /api/rule responded 200 in 22.0695 ms
2026-09-13 16:25:00.739 +07:00 [INF] Request finished HTTP/1.1 GET http://localhost:5000/api/rule?current=1&pageSize=20 - 200 null application/json; charset=utf-8 29.9174ms
2026-09-13 16:26:20.016 +07:00 [INF] Request starting HTTP/1.1 GET http://localhost:5000/api/currentUserDetail - null null
2026-09-13 16:26:20.017 +07:00 [INF] Request starting HTTP/1.1 GET http://localhost:5000/api/fake_list_Detail?count=30 - null null
2026-09-13 16:26:20.021 +07:00 [INF] HTTP GET /api/currentUserDetail responded 404 in 0.3628 ms
2026-09-13 16:26:20.025 +07:00 [INF] HTTP GET /api/fake_list_Detail responded 404 in 0.3167 ms
2026-09-13 16:26:20.027 +07:00 [INF] Request finished HTTP/1.1 GET http://localhost:5000/api/currentUserDetail - 404 0 null 10.7482ms
2026-09-13 16:26:20.029 +07:00 [INF] Request finished HTTP/1.1 GET http://localhost:5000/api/fake_list_Detail?count=30 - 404 0 null 12.1433ms
2026-09-13 16:26:20.032 +07:00 [INF] Request reached the end of the middleware pipeline without being handled by application code. Request path: GET http://localhost:5000/api/currentUserDetail, Response status code: 404
2026-09-13 16:26:20.037 +07:00 [INF] Request reached the end of the middleware pipeline without being handled by application code. Request path: GET http://localhost:5000/api/fake_list_Detail, Response status code: 404
2026-09-13 16:26:21.060 +07:00 [INF] Request starting HTTP/1.1 GET http://localhost:5000/api/currentUserDetail - null null
2026-09-13 16:26:21.060 +07:00 [INF] Request starting HTTP/1.1 GET http://localhost:5000/api/fake_list_Detail?count=30 - null null
2026-09-13 16:26:21.066 +07:00 [INF] HTTP GET /api/currentUserDetail responded 404 in 0.2284 ms
2026-09-13 16:26:21.071 +07:00 [INF] HTTP GET /api/fake_list_Detail responded 404 in 0.1945 ms
2026-09-13 16:26:21.074 +07:00 [INF] Request finished HTTP/1.1 GET http://localhost:5000/api/currentUserDetail - 404 0 null 13.6788ms
2026-09-13 16:26:21.077 +07:00 [INF] Request finished HTTP/1.1 GET http://localhost:5000/api/fake_list_Detail?count=30 - 404 0 null 16.6689ms
2026-09-13 16:26:21.082 +07:00 [INF] Request reached the end of the middleware pipeline without being handled by application code. Request path: GET http://localhost:5000/api/currentUserDetail, Response status code: 404
2026-09-13 16:26:21.086 +07:00 [INF] Request reached the end of the middleware pipeline without being handled by application code. Request path: GET http://localhost:5000/api/fake_list_Detail, Response status code: 404
2026-09-13 16:26:22.141 +07:00 [INF] Request starting HTTP/1.1 GET http://localhost:5000/api/keys - null null
2026-09-13 16:26:22.147 +07:00 [INF] Executing endpoint 'CloudSafe.Api.Controllers.KeysController.List (CloudSafe.Api)'
2026-09-13 16:26:22.149 +07:00 [INF] Route matched with {action = "List", controller = "Keys"}. Executing controller action with signature System.Threading.Tasks.Task`1[Microsoft.AspNetCore.Mvc.IActionResult] List() on controller CloudSafe.Api.Controllers.KeysController (CloudSafe.Api).
2026-09-13 16:26:22.155 +07:00 [INF] Executed DbCommand (1ms) [Parameters=[@__CurrentUserId_0='?' (DbType = Guid)], CommandType='"Text"', CommandTimeout='30']
SELECT r."Id", r."Algorithm", r."CreatedAt", r."KeySize", r."Name", r."OwnerId", r."PublicKeyFingerprint", r."PublicKeyPem", r."RevokedAt", r."Status"
FROM "RsaKeyPairs" AS r
WHERE r."OwnerId" = @__CurrentUserId_0
ORDER BY r."CreatedAt" DESC
2026-09-13 16:26:22.161 +07:00 [INF] Executed DbCommand (1ms) [Parameters=[@__CurrentUserId_0='?' (DbType = Guid)], CommandType='"Text"', CommandTimeout='30']
SELECT e."KeyPairId" AS "KeyId", count(*)::int AS "Count"
FROM "EncryptedFiles" AS e
WHERE e."OwnerId" = @__CurrentUserId_0
GROUP BY e."KeyPairId"
2026-09-13 16:26:22.165 +07:00 [INF] Executing OkObjectResult, writing value of type '<>f__AnonymousType21`2[[System.Collections.Generic.IEnumerable`1[[CloudSafe.Api.DTOs.KeyPairDto, CloudSafe.Api, Version=1.0.0.0, Culture=neutral, PublicKeyToken=null]], System.Private.CoreLib, Version=9.0.0.0, Culture=neutral, PublicKeyToken=7cec85d7bea7798e],[System.Boolean, System.Private.CoreLib, Version=9.0.0.0, Culture=neutral, PublicKeyToken=7cec85d7bea7798e]]'.
2026-09-13 16:26:22.167 +07:00 [INF] Executed action CloudSafe.Api.Controllers.KeysController.List (CloudSafe.Api) in 15.2319ms
2026-09-13 16:26:22.169 +07:00 [INF] Executed endpoint 'CloudSafe.Api.Controllers.KeysController.List (CloudSafe.Api)'
2026-09-13 16:26:22.171 +07:00 [INF] HTTP GET /api/keys responded 200 in 24.3819 ms
2026-09-13 16:26:22.173 +07:00 [INF] Request finished HTTP/1.1 GET http://localhost:5000/api/keys - 200 null application/json; charset=utf-8 32.7957ms
2026-09-13 16:26:39.097 +07:00 [INF] Request starting HTTP/1.1 GET http://localhost:5000/api/keys - null null
2026-09-13 16:26:39.100 +07:00 [INF] Executing endpoint 'CloudSafe.Api.Controllers.KeysController.List (CloudSafe.Api)'
2026-09-13 16:26:39.102 +07:00 [INF] Route matched with {action = "List", controller = "Keys"}. Executing controller action with signature System.Threading.Tasks.Task`1[Microsoft.AspNetCore.Mvc.IActionResult] List() on controller CloudSafe.Api.Controllers.KeysController (CloudSafe.Api).
2026-09-13 16:26:39.106 +07:00 [INF] Executed DbCommand (1ms) [Parameters=[@__CurrentUserId_0='?' (DbType = Guid)], CommandType='"Text"', CommandTimeout='30']
SELECT r."Id", r."Algorithm", r."CreatedAt", r."KeySize", r."Name", r."OwnerId", r."PublicKeyFingerprint", r."PublicKeyPem", r."RevokedAt", r."Status"
FROM "RsaKeyPairs" AS r
WHERE r."OwnerId" = @__CurrentUserId_0
ORDER BY r."CreatedAt" DESC
2026-09-13 16:26:39.110 +07:00 [INF] Executed DbCommand (1ms) [Parameters=[@__CurrentUserId_0='?' (DbType = Guid)], CommandType='"Text"', CommandTimeout='30']
SELECT e."KeyPairId" AS "KeyId", count(*)::int AS "Count"
FROM "EncryptedFiles" AS e
WHERE e."OwnerId" = @__CurrentUserId_0
GROUP BY e."KeyPairId"
2026-09-13 16:26:39.113 +07:00 [INF] Executing OkObjectResult, writing value of type '<>f__AnonymousType21`2[[System.Collections.Generic.IEnumerable`1[[CloudSafe.Api.DTOs.KeyPairDto, CloudSafe.Api, Version=1.0.0.0, Culture=neutral, PublicKeyToken=null]], System.Private.CoreLib, Version=9.0.0.0, Culture=neutral, PublicKeyToken=7cec85d7bea7798e],[System.Boolean, System.Private.CoreLib, Version=9.0.0.0, Culture=neutral, PublicKeyToken=7cec85d7bea7798e]]'.
2026-09-13 16:26:39.115 +07:00 [INF] Executed action CloudSafe.Api.Controllers.KeysController.List (CloudSafe.Api) in 11.5293ms
2026-09-13 16:26:39.117 +07:00 [INF] Executed endpoint 'CloudSafe.Api.Controllers.KeysController.List (CloudSafe.Api)'
2026-09-13 16:26:39.119 +07:00 [INF] HTTP GET /api/keys responded 200 in 19.0368 ms
2026-09-13 16:26:39.122 +07:00 [INF] Request finished HTTP/1.1 GET http://localhost:5000/api/keys - 200 null application/json; charset=utf-8 25.1541ms
2026-09-13 16:26:40.468 +07:00 [INF] Request starting HTTP/1.1 GET http://localhost:5000/api/files?current=1&pageSize=10 - null null
2026-09-13 16:26:40.474 +07:00 [INF] Executing endpoint 'CloudSafe.Api.Controllers.FilesController.List (CloudSafe.Api)'
2026-09-13 16:26:40.476 +07:00 [INF] Route matched with {action = "List", controller = "Files"}. Executing controller action with signature System.Threading.Tasks.Task`1[Microsoft.AspNetCore.Mvc.IActionResult] List(Int32, Int32, System.String, System.Nullable`1[System.Int32]) on controller CloudSafe.Api.Controllers.FilesController (CloudSafe.Api).
2026-09-13 16:26:40.481 +07:00 [INF] Executed DbCommand (1ms) [Parameters=[@__CurrentUserId_0='?' (DbType = Guid)], CommandType='"Text"', CommandTimeout='30']
SELECT count(*)::int
FROM "EncryptedFiles" AS e
WHERE e."OwnerId" = @__CurrentUserId_0 AND e."Status" <> 2
2026-09-13 16:26:40.486 +07:00 [INF] Executed DbCommand (2ms) [Parameters=[@__CurrentUserId_0='?' (DbType = Guid), @__p_2='?' (DbType = Int32), @__p_1='?' (DbType = Int32)], CommandType='"Text"', CommandTimeout='30']
SELECT e0."Id", e0."Algorithm", e0."AuthTag", e0."CreatedAt", e0."EncryptedAesKey", e0."FileSizeBytes", e0."Iv", e0."KeyPairId", e0."MimeType", e0."OriginalName", e0."OwnerId", e0."Status", e0."StoragePath", e0."UpdatedAt", u."Id", u."Address", u."Avatar", u."CreatedAt", u."Email", u."Group", u."Name", u."PasswordHash", u."Phone", u."Role", u."Signature", u."Title", u."UpdatedAt", u."Username"
FROM (
    SELECT e."Id", e."Algorithm", e."AuthTag", e."CreatedAt", e."EncryptedAesKey", e."FileSizeBytes", e."Iv", e."KeyPairId", e."MimeType", e."OriginalName", e."OwnerId", e."Status", e."StoragePath", e."UpdatedAt"
    FROM "EncryptedFiles" AS e
    WHERE e."OwnerId" = @__CurrentUserId_0 AND e."Status" <> 2
    ORDER BY e."CreatedAt" DESC
    LIMIT @__p_2 OFFSET @__p_1
) AS e0
INNER JOIN "Users" AS u ON e0."OwnerId" = u."Id"
ORDER BY e0."CreatedAt" DESC
2026-09-13 16:26:40.491 +07:00 [INF] Executing OkObjectResult, writing value of type '<>f__AnonymousType17`3[[System.Collections.Generic.IEnumerable`1[[CloudSafe.Api.DTOs.FileDto, CloudSafe.Api, Version=1.0.0.0, Culture=neutral, PublicKeyToken=null]], System.Private.CoreLib, Version=9.0.0.0, Culture=neutral, PublicKeyToken=7cec85d7bea7798e],[System.Int32, System.Private.CoreLib, Version=9.0.0.0, Culture=neutral, PublicKeyToken=7cec85d7bea7798e],[System.Boolean, System.Private.CoreLib, Version=9.0.0.0, Culture=neutral, PublicKeyToken=7cec85d7bea7798e]]'.
2026-09-13 16:26:40.494 +07:00 [INF] Executed action CloudSafe.Api.Controllers.FilesController.List (CloudSafe.Api) in 15.4344ms
2026-09-13 16:26:40.497 +07:00 [INF] Executed endpoint 'CloudSafe.Api.Controllers.FilesController.List (CloudSafe.Api)'
2026-09-13 16:26:40.499 +07:00 [INF] HTTP GET /api/files responded 200 in 25.6304 ms
2026-09-13 16:26:40.502 +07:00 [INF] Request finished HTTP/1.1 GET http://localhost:5000/api/files?current=1&pageSize=10 - 200 null application/json; charset=utf-8 34.0107ms
2026-09-13 16:26:42.975 +07:00 [INF] Request starting HTTP/1.1 GET http://localhost:5000/api/keys - null null
2026-09-13 16:26:42.979 +07:00 [INF] Executing endpoint 'CloudSafe.Api.Controllers.KeysController.List (CloudSafe.Api)'
2026-09-13 16:26:42.980 +07:00 [INF] Route matched with {action = "List", controller = "Keys"}. Executing controller action with signature System.Threading.Tasks.Task`1[Microsoft.AspNetCore.Mvc.IActionResult] List() on controller CloudSafe.Api.Controllers.KeysController (CloudSafe.Api).
2026-09-13 16:26:42.986 +07:00 [INF] Executed DbCommand (1ms) [Parameters=[@__CurrentUserId_0='?' (DbType = Guid)], CommandType='"Text"', CommandTimeout='30']
SELECT r."Id", r."Algorithm", r."CreatedAt", r."KeySize", r."Name", r."OwnerId", r."PublicKeyFingerprint", r."PublicKeyPem", r."RevokedAt", r."Status"
FROM "RsaKeyPairs" AS r
WHERE r."OwnerId" = @__CurrentUserId_0
ORDER BY r."CreatedAt" DESC
2026-09-13 16:26:42.990 +07:00 [INF] Executed DbCommand (1ms) [Parameters=[@__CurrentUserId_0='?' (DbType = Guid)], CommandType='"Text"', CommandTimeout='30']
SELECT e."KeyPairId" AS "KeyId", count(*)::int AS "Count"
FROM "EncryptedFiles" AS e
WHERE e."OwnerId" = @__CurrentUserId_0
GROUP BY e."KeyPairId"
2026-09-13 16:26:42.993 +07:00 [INF] Executing OkObjectResult, writing value of type '<>f__AnonymousType21`2[[System.Collections.Generic.IEnumerable`1[[CloudSafe.Api.DTOs.KeyPairDto, CloudSafe.Api, Version=1.0.0.0, Culture=neutral, PublicKeyToken=null]], System.Private.CoreLib, Version=9.0.0.0, Culture=neutral, PublicKeyToken=7cec85d7bea7798e],[System.Boolean, System.Private.CoreLib, Version=9.0.0.0, Culture=neutral, PublicKeyToken=7cec85d7bea7798e]]'.
2026-09-13 16:26:42.995 +07:00 [INF] Executed action CloudSafe.Api.Controllers.KeysController.List (CloudSafe.Api) in 11.5746ms
2026-09-13 16:26:42.997 +07:00 [INF] Executed endpoint 'CloudSafe.Api.Controllers.KeysController.List (CloudSafe.Api)'
2026-09-13 16:26:42.998 +07:00 [INF] HTTP GET /api/keys responded 200 in 20.1330 ms
2026-09-13 16:26:43.001 +07:00 [INF] Request finished HTTP/1.1 GET http://localhost:5000/api/keys - 200 null application/json; charset=utf-8 26.5183ms
2026-09-13 16:26:44.190 +07:00 [INF] Request starting HTTP/1.1 GET http://localhost:5000/api/files?current=1&pageSize=10 - null null
2026-09-13 16:26:44.195 +07:00 [INF] Executing endpoint 'CloudSafe.Api.Controllers.FilesController.List (CloudSafe.Api)'
2026-09-13 16:26:44.197 +07:00 [INF] Route matched with {action = "List", controller = "Files"}. Executing controller action with signature System.Threading.Tasks.Task`1[Microsoft.AspNetCore.Mvc.IActionResult] List(Int32, Int32, System.String, System.Nullable`1[System.Int32]) on controller CloudSafe.Api.Controllers.FilesController (CloudSafe.Api).
2026-09-13 16:26:44.201 +07:00 [INF] Executed DbCommand (1ms) [Parameters=[@__CurrentUserId_0='?' (DbType = Guid)], CommandType='"Text"', CommandTimeout='30']
SELECT count(*)::int
FROM "EncryptedFiles" AS e
WHERE e."OwnerId" = @__CurrentUserId_0 AND e."Status" <> 2
2026-09-13 16:26:44.207 +07:00 [INF] Executed DbCommand (2ms) [Parameters=[@__CurrentUserId_0='?' (DbType = Guid), @__p_2='?' (DbType = Int32), @__p_1='?' (DbType = Int32)], CommandType='"Text"', CommandTimeout='30']
SELECT e0."Id", e0."Algorithm", e0."AuthTag", e0."CreatedAt", e0."EncryptedAesKey", e0."FileSizeBytes", e0."Iv", e0."KeyPairId", e0."MimeType", e0."OriginalName", e0."OwnerId", e0."Status", e0."StoragePath", e0."UpdatedAt", u."Id", u."Address", u."Avatar", u."CreatedAt", u."Email", u."Group", u."Name", u."PasswordHash", u."Phone", u."Role", u."Signature", u."Title", u."UpdatedAt", u."Username"
FROM (
    SELECT e."Id", e."Algorithm", e."AuthTag", e."CreatedAt", e."EncryptedAesKey", e."FileSizeBytes", e."Iv", e."KeyPairId", e."MimeType", e."OriginalName", e."OwnerId", e."Status", e."StoragePath", e."UpdatedAt"
    FROM "EncryptedFiles" AS e
    WHERE e."OwnerId" = @__CurrentUserId_0 AND e."Status" <> 2
    ORDER BY e."CreatedAt" DESC
    LIMIT @__p_2 OFFSET @__p_1
) AS e0
INNER JOIN "Users" AS u ON e0."OwnerId" = u."Id"
ORDER BY e0."CreatedAt" DESC
2026-09-13 16:26:44.210 +07:00 [INF] Executing OkObjectResult, writing value of type '<>f__AnonymousType17`3[[System.Collections.Generic.IEnumerable`1[[CloudSafe.Api.DTOs.FileDto, CloudSafe.Api, Version=1.0.0.0, Culture=neutral, PublicKeyToken=null]], System.Private.CoreLib, Version=9.0.0.0, Culture=neutral, PublicKeyToken=7cec85d7bea7798e],[System.Int32, System.Private.CoreLib, Version=9.0.0.0, Culture=neutral, PublicKeyToken=7cec85d7bea7798e],[System.Boolean, System.Private.CoreLib, Version=9.0.0.0, Culture=neutral, PublicKeyToken=7cec85d7bea7798e]]'.
2026-09-13 16:26:44.212 +07:00 [INF] Executed action CloudSafe.Api.Controllers.FilesController.List (CloudSafe.Api) in 13.0452ms
2026-09-13 16:26:44.213 +07:00 [INF] Executed endpoint 'CloudSafe.Api.Controllers.FilesController.List (CloudSafe.Api)'
2026-09-13 16:26:44.214 +07:00 [INF] HTTP GET /api/files responded 200 in 19.3167 ms
2026-09-13 16:26:44.217 +07:00 [INF] Request finished HTTP/1.1 GET http://localhost:5000/api/files?current=1&pageSize=10 - 200 null application/json; charset=utf-8 26.8444ms
2026-09-13 16:44:34.723 +07:00 [INF] Request starting HTTP/1.1 GET http://localhost:5000/api/fake_list_Detail?count=30 - null null
2026-09-13 16:44:34.723 +07:00 [INF] Request starting HTTP/1.1 GET http://localhost:5000/api/currentUserDetail - null null
2026-09-13 16:44:34.727 +07:00 [INF] HTTP GET /api/fake_list_Detail responded 404 in 0.4676 ms
2026-09-13 16:44:34.730 +07:00 [INF] HTTP GET /api/currentUserDetail responded 404 in 0.1882 ms
2026-09-13 16:44:34.732 +07:00 [INF] Request finished HTTP/1.1 GET http://localhost:5000/api/fake_list_Detail?count=30 - 404 0 null 9.5374ms
2026-09-13 16:44:34.735 +07:00 [INF] Request finished HTTP/1.1 GET http://localhost:5000/api/currentUserDetail - 404 0 null 11.9454ms
2026-09-13 16:44:34.739 +07:00 [INF] Request reached the end of the middleware pipeline without being handled by application code. Request path: GET http://localhost:5000/api/fake_list_Detail, Response status code: 404
2026-09-13 16:44:34.743 +07:00 [INF] Request reached the end of the middleware pipeline without being handled by application code. Request path: GET http://localhost:5000/api/currentUserDetail, Response status code: 404
2026-09-13 16:44:35.797 +07:00 [INF] Request starting HTTP/1.1 GET http://localhost:5000/api/fake_list_Detail?count=30 - null null
2026-09-13 16:44:35.801 +07:00 [INF] HTTP GET /api/fake_list_Detail responded 404 in 0.2123 ms
2026-09-13 16:44:35.804 +07:00 [INF] Request finished HTTP/1.1 GET http://localhost:5000/api/fake_list_Detail?count=30 - 404 0 null 7.6327ms
2026-09-13 16:44:35.810 +07:00 [INF] Request reached the end of the middleware pipeline without being handled by application code. Request path: GET http://localhost:5000/api/fake_list_Detail, Response status code: 404
2026-09-13 16:44:35.875 +07:00 [INF] Request starting HTTP/1.1 GET http://localhost:5000/api/currentUserDetail - null null
2026-09-13 16:44:35.879 +07:00 [INF] HTTP GET /api/currentUserDetail responded 404 in 0.3272 ms
2026-09-13 16:44:35.882 +07:00 [INF] Request finished HTTP/1.1 GET http://localhost:5000/api/currentUserDetail - 404 0 null 7.0009ms
2026-09-13 16:44:35.887 +07:00 [INF] Request reached the end of the middleware pipeline without being handled by application code. Request path: GET http://localhost:5000/api/currentUserDetail, Response status code: 404
2026-09-13 16:44:37.891 +07:00 [INF] Request starting HTTP/1.1 GET http://localhost:5000/api/fake_list_Detail?count=30 - null null
2026-09-13 16:44:37.892 +07:00 [INF] Request starting HTTP/1.1 GET http://localhost:5000/api/currentUserDetail - null null
2026-09-13 16:44:37.895 +07:00 [INF] HTTP GET /api/fake_list_Detail responded 404 in 0.2508 ms
2026-09-13 16:44:37.899 +07:00 [INF] HTTP GET /api/currentUserDetail responded 404 in 0.2266 ms
2026-09-13 16:44:37.902 +07:00 [INF] Request finished HTTP/1.1 GET http://localhost:5000/api/fake_list_Detail?count=30 - 404 0 null 10.6875ms
2026-09-13 16:44:37.905 +07:00 [INF] Request finished HTTP/1.1 GET http://localhost:5000/api/currentUserDetail - 404 0 null 12.3642ms
2026-09-13 16:44:37.909 +07:00 [INF] Request reached the end of the middleware pipeline without being handled by application code. Request path: GET http://localhost:5000/api/fake_list_Detail, Response status code: 404
2026-09-13 16:44:37.914 +07:00 [INF] Request reached the end of the middleware pipeline without being handled by application code. Request path: GET http://localhost:5000/api/currentUserDetail, Response status code: 404
2026-09-13 16:44:41.921 +07:00 [INF] Request starting HTTP/1.1 GET http://localhost:5000/api/fake_list_Detail?count=30 - null null
2026-09-13 16:44:41.921 +07:00 [INF] Request starting HTTP/1.1 GET http://localhost:5000/api/currentUserDetail - null null
2026-09-13 16:44:41.925 +07:00 [INF] HTTP GET /api/fake_list_Detail responded 404 in 0.1973 ms
2026-09-13 16:44:41.929 +07:00 [INF] HTTP GET /api/currentUserDetail responded 404 in 0.1645 ms
2026-09-13 16:44:41.932 +07:00 [INF] Request finished HTTP/1.1 GET http://localhost:5000/api/fake_list_Detail?count=30 - 404 0 null 10.9247ms
2026-09-13 16:44:41.934 +07:00 [INF] Request finished HTTP/1.1 GET http://localhost:5000/api/currentUserDetail - 404 0 null 13.2456ms
2026-09-13 16:44:41.938 +07:00 [INF] Request reached the end of the middleware pipeline without being handled by application code. Request path: GET http://localhost:5000/api/fake_list_Detail, Response status code: 404
2026-09-13 16:44:41.943 +07:00 [INF] Request reached the end of the middleware pipeline without being handled by application code. Request path: GET http://localhost:5000/api/currentUserDetail, Response status code: 404
2026-09-13 16:44:44.477 +07:00 [INF] Request starting HTTP/1.1 GET http://localhost:5000/api/accountSettingCurrentUser - null null
2026-09-13 16:44:44.480 +07:00 [INF] HTTP GET /api/accountSettingCurrentUser responded 404 in 0.1826 ms
2026-09-13 16:44:44.482 +07:00 [INF] Request finished HTTP/1.1 GET http://localhost:5000/api/accountSettingCurrentUser - 404 0 null 5.072ms
2026-09-13 16:44:44.486 +07:00 [INF] Request reached the end of the middleware pipeline without being handled by application code. Request path: GET http://localhost:5000/api/accountSettingCurrentUser, Response status code: 404
2026-09-13 16:44:45.500 +07:00 [INF] Request starting HTTP/1.1 GET http://localhost:5000/api/accountSettingCurrentUser - null null
2026-09-13 16:44:45.507 +07:00 [INF] HTTP GET /api/accountSettingCurrentUser responded 404 in 0.2873 ms
2026-09-13 16:44:45.512 +07:00 [INF] Request finished HTTP/1.1 GET http://localhost:5000/api/accountSettingCurrentUser - 404 0 null 11.6888ms
2026-09-13 16:44:45.519 +07:00 [INF] Request reached the end of the middleware pipeline without being handled by application code. Request path: GET http://localhost:5000/api/accountSettingCurrentUser, Response status code: 404
2026-09-13 16:44:45.970 +07:00 [INF] Request starting HTTP/1.1 GET http://localhost:5000/api/keys - null null
2026-09-13 16:44:45.974 +07:00 [INF] Executing endpoint 'CloudSafe.Api.Controllers.KeysController.List (CloudSafe.Api)'
2026-09-13 16:44:45.976 +07:00 [INF] Route matched with {action = "List", controller = "Keys"}. Executing controller action with signature System.Threading.Tasks.Task`1[Microsoft.AspNetCore.Mvc.IActionResult] List() on controller CloudSafe.Api.Controllers.KeysController (CloudSafe.Api).
2026-09-13 16:44:46.077 +07:00 [INF] Executed DbCommand (5ms) [Parameters=[@__CurrentUserId_0='?' (DbType = Guid)], CommandType='"Text"', CommandTimeout='30']
SELECT r."Id", r."Algorithm", r."CreatedAt", r."KeySize", r."Name", r."OwnerId", r."PublicKeyFingerprint", r."PublicKeyPem", r."RevokedAt", r."Status"
FROM "RsaKeyPairs" AS r
WHERE r."OwnerId" = @__CurrentUserId_0
ORDER BY r."CreatedAt" DESC
2026-09-13 16:44:46.090 +07:00 [INF] Executed DbCommand (8ms) [Parameters=[@__CurrentUserId_0='?' (DbType = Guid)], CommandType='"Text"', CommandTimeout='30']
SELECT e."KeyPairId" AS "KeyId", count(*)::int AS "Count"
FROM "EncryptedFiles" AS e
WHERE e."OwnerId" = @__CurrentUserId_0
GROUP BY e."KeyPairId"
2026-09-13 16:44:46.094 +07:00 [INF] Executing OkObjectResult, writing value of type '<>f__AnonymousType21`2[[System.Collections.Generic.IEnumerable`1[[CloudSafe.Api.DTOs.KeyPairDto, CloudSafe.Api, Version=1.0.0.0, Culture=neutral, PublicKeyToken=null]], System.Private.CoreLib, Version=9.0.0.0, Culture=neutral, PublicKeyToken=7cec85d7bea7798e],[System.Boolean, System.Private.CoreLib, Version=9.0.0.0, Culture=neutral, PublicKeyToken=7cec85d7bea7798e]]'.
2026-09-13 16:44:46.097 +07:00 [INF] Executed action CloudSafe.Api.Controllers.KeysController.List (CloudSafe.Api) in 117.7265ms
2026-09-13 16:44:46.099 +07:00 [INF] Executed endpoint 'CloudSafe.Api.Controllers.KeysController.List (CloudSafe.Api)'
2026-09-13 16:44:46.100 +07:00 [INF] HTTP GET /api/keys responded 200 in 126.1628 ms
2026-09-13 16:44:46.103 +07:00 [INF] Request finished HTTP/1.1 GET http://localhost:5000/api/keys - 200 null application/json; charset=utf-8 132.4876ms
2026-09-13 17:07:01.331 +07:00 [INF] Request starting HTTP/1.1 GET http://localhost:5000/api/currentUser - null null
2026-09-13 17:07:01.334 +07:00 [INF] Executing endpoint 'CloudSafe.Api.Controllers.UserController.GetCurrentUser (CloudSafe.Api)'
2026-09-13 17:07:01.336 +07:00 [INF] Route matched with {action = "GetCurrentUser", controller = "User"}. Executing controller action with signature System.Threading.Tasks.Task`1[Microsoft.AspNetCore.Mvc.IActionResult] GetCurrentUser() on controller CloudSafe.Api.Controllers.UserController (CloudSafe.Api).
2026-09-13 17:07:01.455 +07:00 [INF] Executed DbCommand (7ms) [Parameters=[@__CurrentUserId_0='?' (DbType = Guid)], CommandType='"Text"', CommandTimeout='30']
SELECT u."Id", u."Address", u."Avatar", u."CreatedAt", u."Email", u."Group", u."Name", u."PasswordHash", u."Phone", u."Role", u."Signature", u."Title", u."UpdatedAt", u."Username"
FROM "Users" AS u
WHERE u."Id" = @__CurrentUserId_0
LIMIT 1
2026-09-13 17:07:01.467 +07:00 [INF] Executed DbCommand (5ms) [Parameters=[@__CurrentUserId_0='?' (DbType = Guid)], CommandType='"Text"', CommandTimeout='30']
SELECT count(*)::int
FROM "Notices" AS n
WHERE n."UserId" = @__CurrentUserId_0 AND n."Status" = 0
2026-09-13 17:07:01.471 +07:00 [INF] Executing OkObjectResult, writing value of type '<>f__AnonymousType7`1[[CloudSafe.Api.DTOs.CurrentUserDto, CloudSafe.Api, Version=1.0.0.0, Culture=neutral, PublicKeyToken=null]]'.
2026-09-13 17:07:01.474 +07:00 [INF] Executed action CloudSafe.Api.Controllers.UserController.GetCurrentUser (CloudSafe.Api) in 135.7653ms
2026-09-13 17:07:01.476 +07:00 [INF] Executed endpoint 'CloudSafe.Api.Controllers.UserController.GetCurrentUser (CloudSafe.Api)'
2026-09-13 17:07:01.477 +07:00 [INF] HTTP GET /api/currentUser responded 200 in 143.5386 ms
2026-09-13 17:07:01.480 +07:00 [INF] Request finished HTTP/1.1 GET http://localhost:5000/api/currentUser - 200 null application/json; charset=utf-8 149.7278ms
2026-09-13 17:07:04.572 +07:00 [INF] Request starting HTTP/1.1 GET http://localhost:5000/api/keys - null null
2026-09-13 17:07:04.576 +07:00 [INF] Executing endpoint 'CloudSafe.Api.Controllers.KeysController.List (CloudSafe.Api)'
2026-09-13 17:07:04.578 +07:00 [INF] Route matched with {action = "List", controller = "Keys"}. Executing controller action with signature System.Threading.Tasks.Task`1[Microsoft.AspNetCore.Mvc.IActionResult] List() on controller CloudSafe.Api.Controllers.KeysController (CloudSafe.Api).
2026-09-13 17:07:04.587 +07:00 [INF] Executed DbCommand (5ms) [Parameters=[@__CurrentUserId_0='?' (DbType = Guid)], CommandType='"Text"', CommandTimeout='30']
SELECT r."Id", r."Algorithm", r."CreatedAt", r."KeySize", r."Name", r."OwnerId", r."PublicKeyFingerprint", r."PublicKeyPem", r."RevokedAt", r."Status"
FROM "RsaKeyPairs" AS r
WHERE r."OwnerId" = @__CurrentUserId_0
ORDER BY r."CreatedAt" DESC
2026-09-13 17:07:04.602 +07:00 [INF] Executed DbCommand (6ms) [Parameters=[@__CurrentUserId_0='?' (DbType = Guid)], CommandType='"Text"', CommandTimeout='30']
SELECT e."KeyPairId" AS "KeyId", count(*)::int AS "Count"
FROM "EncryptedFiles" AS e
WHERE e."OwnerId" = @__CurrentUserId_0
GROUP BY e."KeyPairId"
2026-09-13 17:07:04.606 +07:00 [INF] Executing OkObjectResult, writing value of type '<>f__AnonymousType21`2[[System.Collections.Generic.IEnumerable`1[[CloudSafe.Api.DTOs.KeyPairDto, CloudSafe.Api, Version=1.0.0.0, Culture=neutral, PublicKeyToken=null]], System.Private.CoreLib, Version=9.0.0.0, Culture=neutral, PublicKeyToken=7cec85d7bea7798e],[System.Boolean, System.Private.CoreLib, Version=9.0.0.0, Culture=neutral, PublicKeyToken=7cec85d7bea7798e]]'.
2026-09-13 17:07:04.608 +07:00 [INF] Executed action CloudSafe.Api.Controllers.KeysController.List (CloudSafe.Api) in 27.7106ms
2026-09-13 17:07:04.611 +07:00 [INF] Executed endpoint 'CloudSafe.Api.Controllers.KeysController.List (CloudSafe.Api)'
2026-09-13 17:07:04.612 +07:00 [INF] HTTP GET /api/keys responded 200 in 37.0156 ms
2026-09-13 17:07:04.615 +07:00 [INF] Request finished HTTP/1.1 GET http://localhost:5000/api/keys - 200 null application/json; charset=utf-8 43.5647ms
2026-09-13 17:12:47.518 +07:00 [INF] Request starting HTTP/1.1 GET http://localhost:5000/api/rule?current=1&pageSize=20 - null null
2026-09-13 17:12:47.521 +07:00 [INF] Executing endpoint 'CloudSafe.Api.Controllers.RuleController.List (CloudSafe.Api)'
2026-09-13 17:12:47.523 +07:00 [INF] Route matched with {action = "List", controller = "Rule"}. Executing controller action with signature System.Threading.Tasks.Task`1[Microsoft.AspNetCore.Mvc.IActionResult] List(Int32, Int32, System.String) on controller CloudSafe.Api.Controllers.RuleController (CloudSafe.Api).
2026-09-13 17:12:47.607 +07:00 [INF] Executed DbCommand (7ms) [Parameters=[@__CurrentUserId_0='?' (DbType = Guid)], CommandType='"Text"', CommandTimeout='30']
SELECT count(*)::int
FROM "EncryptedFiles" AS e
WHERE e."OwnerId" = @__CurrentUserId_0 AND e."Status" <> 2
2026-09-13 17:12:47.619 +07:00 [INF] Executed DbCommand (9ms) [Parameters=[@__CurrentUserId_0='?' (DbType = Guid), @__p_2='?' (DbType = Int32), @__p_1='?' (DbType = Int32)], CommandType='"Text"', CommandTimeout='30']
SELECT e0."Id", e0."Algorithm", e0."AuthTag", e0."CreatedAt", e0."EncryptedAesKey", e0."FileSizeBytes", e0."Iv", e0."KeyPairId", e0."MimeType", e0."OriginalName", e0."OwnerId", e0."Status", e0."StoragePath", e0."UpdatedAt", u."Id", u."Address", u."Avatar", u."CreatedAt", u."Email", u."Group", u."Name", u."PasswordHash", u."Phone", u."Role", u."Signature", u."Title", u."UpdatedAt", u."Username"
FROM (
    SELECT e."Id", e."Algorithm", e."AuthTag", e."CreatedAt", e."EncryptedAesKey", e."FileSizeBytes", e."Iv", e."KeyPairId", e."MimeType", e."OriginalName", e."OwnerId", e."Status", e."StoragePath", e."UpdatedAt"
    FROM "EncryptedFiles" AS e
    WHERE e."OwnerId" = @__CurrentUserId_0 AND e."Status" <> 2
    ORDER BY e."CreatedAt" DESC
    LIMIT @__p_2 OFFSET @__p_1
) AS e0
INNER JOIN "Users" AS u ON e0."OwnerId" = u."Id"
ORDER BY e0."CreatedAt" DESC
2026-09-13 17:12:47.623 +07:00 [INF] Executing OkObjectResult, writing value of type 'CloudSafe.Api.DTOs.TableListResult'.
2026-09-13 17:12:47.626 +07:00 [INF] Executed action CloudSafe.Api.Controllers.RuleController.List (CloudSafe.Api) in 100.6901ms
2026-09-13 17:12:47.628 +07:00 [INF] Executed endpoint 'CloudSafe.Api.Controllers.RuleController.List (CloudSafe.Api)'
2026-09-13 17:12:47.630 +07:00 [INF] HTTP GET /api/rule responded 200 in 108.6672 ms
2026-09-13 17:12:47.633 +07:00 [INF] Request finished HTTP/1.1 GET http://localhost:5000/api/rule?current=1&pageSize=20 - 200 null application/json; charset=utf-8 114.8369ms
2026-09-13 17:12:49.272 +07:00 [INF] Request starting HTTP/1.1 GET http://localhost:5000/api/keys - null null
2026-09-13 17:12:49.277 +07:00 [INF] Executing endpoint 'CloudSafe.Api.Controllers.KeysController.List (CloudSafe.Api)'
2026-09-13 17:12:49.279 +07:00 [INF] Route matched with {action = "List", controller = "Keys"}. Executing controller action with signature System.Threading.Tasks.Task`1[Microsoft.AspNetCore.Mvc.IActionResult] List() on controller CloudSafe.Api.Controllers.KeysController (CloudSafe.Api).
2026-09-13 17:12:49.287 +07:00 [INF] Executed DbCommand (5ms) [Parameters=[@__CurrentUserId_0='?' (DbType = Guid)], CommandType='"Text"', CommandTimeout='30']
SELECT r."Id", r."Algorithm", r."CreatedAt", r."KeySize", r."Name", r."OwnerId", r."PublicKeyFingerprint", r."PublicKeyPem", r."RevokedAt", r."Status"
FROM "RsaKeyPairs" AS r
WHERE r."OwnerId" = @__CurrentUserId_0
ORDER BY r."CreatedAt" DESC
2026-09-13 17:12:49.292 +07:00 [INF] Executed DbCommand (1ms) [Parameters=[@__CurrentUserId_0='?' (DbType = Guid)], CommandType='"Text"', CommandTimeout='30']
SELECT e."KeyPairId" AS "KeyId", count(*)::int AS "Count"
FROM "EncryptedFiles" AS e
WHERE e."OwnerId" = @__CurrentUserId_0
GROUP BY e."KeyPairId"
2026-09-13 17:12:49.295 +07:00 [INF] Executing OkObjectResult, writing value of type '<>f__AnonymousType21`2[[System.Collections.Generic.IEnumerable`1[[CloudSafe.Api.DTOs.KeyPairDto, CloudSafe.Api, Version=1.0.0.0, Culture=neutral, PublicKeyToken=null]], System.Private.CoreLib, Version=9.0.0.0, Culture=neutral, PublicKeyToken=7cec85d7bea7798e],[System.Boolean, System.Private.CoreLib, Version=9.0.0.0, Culture=neutral, PublicKeyToken=7cec85d7bea7798e]]'.
2026-09-13 17:12:49.297 +07:00 [INF] Executed action CloudSafe.Api.Controllers.KeysController.List (CloudSafe.Api) in 15.8379ms
2026-09-13 17:12:49.299 +07:00 [INF] Executed endpoint 'CloudSafe.Api.Controllers.KeysController.List (CloudSafe.Api)'
2026-09-13 17:12:49.300 +07:00 [INF] HTTP GET /api/keys responded 200 in 24.2337 ms
2026-09-13 17:12:49.303 +07:00 [INF] Request finished HTTP/1.1 GET http://localhost:5000/api/keys - 200 null application/json; charset=utf-8 31.0234ms
2026-09-13 17:13:07.917 +07:00 [INF] Request starting HTTP/1.1 GET http://localhost:5000/api/fake_analysis_chart_data - null null
2026-09-13 17:13:07.920 +07:00 [INF] HTTP GET /api/fake_analysis_chart_data responded 404 in 0.2011 ms
2026-09-13 17:13:07.923 +07:00 [INF] Request finished HTTP/1.1 GET http://localhost:5000/api/fake_analysis_chart_data - 404 0 null 6.0054ms
2026-09-13 17:13:07.927 +07:00 [INF] Request reached the end of the middleware pipeline without being handled by application code. Request path: GET http://localhost:5000/api/fake_analysis_chart_data, Response status code: 404
2026-09-13 17:13:08.944 +07:00 [INF] Request starting HTTP/1.1 GET http://localhost:5000/api/fake_analysis_chart_data - null null
2026-09-13 17:13:08.948 +07:00 [INF] HTTP GET /api/fake_analysis_chart_data responded 404 in 0.3462 ms
2026-09-13 17:13:08.951 +07:00 [INF] Request finished HTTP/1.1 GET http://localhost:5000/api/fake_analysis_chart_data - 404 0 null 6.7407ms
2026-09-13 17:13:08.955 +07:00 [INF] Request reached the end of the middleware pipeline without being handled by application code. Request path: GET http://localhost:5000/api/fake_analysis_chart_data, Response status code: 404
2026-09-13 17:13:09.431 +07:00 [INF] Request starting HTTP/1.1 GET http://localhost:5000/api/tags - null null
2026-09-13 17:13:09.435 +07:00 [INF] HTTP GET /api/tags responded 404 in 0.2090 ms
2026-09-13 17:13:09.438 +07:00 [INF] Request finished HTTP/1.1 GET http://localhost:5000/api/tags - 404 0 null 6.8662ms
2026-09-13 17:13:09.443 +07:00 [INF] Request reached the end of the middleware pipeline without being handled by application code. Request path: GET http://localhost:5000/api/tags, Response status code: 404
2026-09-13 17:13:09.968 +07:00 [INF] Request starting HTTP/1.1 GET http://localhost:5000/api/project/notice - null null
2026-09-13 17:13:09.968 +07:00 [INF] Request starting HTTP/1.1 GET http://localhost:5000/api/activities - null null
2026-09-13 17:13:09.969 +07:00 [INF] Request starting HTTP/1.1 GET http://localhost:5000/api/fake_workplace_chart_data - null null
2026-09-13 17:13:09.972 +07:00 [INF] HTTP GET /api/project/notice responded 404 in 0.1526 ms
2026-09-13 17:13:09.976 +07:00 [INF] HTTP GET /api/activities responded 404 in 0.1610 ms
2026-09-13 17:13:09.980 +07:00 [INF] HTTP GET /api/fake_workplace_chart_data responded 404 in 0.1751 ms
2026-09-13 17:13:09.982 +07:00 [INF] Request finished HTTP/1.1 GET http://localhost:5000/api/project/notice - 404 0 null 13.6562ms
2026-09-13 17:13:09.984 +07:00 [INF] Request finished HTTP/1.1 GET http://localhost:5000/api/activities - 404 0 null 15.4292ms
2026-09-13 17:13:09.986 +07:00 [INF] Request finished HTTP/1.1 GET http://localhost:5000/api/fake_workplace_chart_data - 404 0 null 17.4851ms
2026-09-13 17:13:09.990 +07:00 [INF] Request reached the end of the middleware pipeline without being handled by application code. Request path: GET http://localhost:5000/api/project/notice, Response status code: 404
2026-09-13 17:13:09.994 +07:00 [INF] Request reached the end of the middleware pipeline without being handled by application code. Request path: GET http://localhost:5000/api/activities, Response status code: 404
2026-09-13 17:13:09.998 +07:00 [INF] Request reached the end of the middleware pipeline without being handled by application code. Request path: GET http://localhost:5000/api/fake_workplace_chart_data, Response status code: 404
2026-09-13 17:13:10.967 +07:00 [INF] Request starting HTTP/1.1 GET http://localhost:5000/api/fake_analysis_chart_data - null null
2026-09-13 17:13:10.971 +07:00 [INF] HTTP GET /api/fake_analysis_chart_data responded 404 in 0.3060 ms
2026-09-13 17:13:10.974 +07:00 [INF] Request finished HTTP/1.1 GET http://localhost:5000/api/fake_analysis_chart_data - 404 0 null 6.9156ms
2026-09-13 17:13:10.979 +07:00 [INF] Request reached the end of the middleware pipeline without being handled by application code. Request path: GET http://localhost:5000/api/fake_analysis_chart_data, Response status code: 404
2026-09-13 17:25:50.312 +07:00 [INF] Request starting HTTP/1.1 GET http://localhost:5000/api/fake_analysis_chart_data - null null
2026-09-13 17:25:50.316 +07:00 [INF] HTTP GET /api/fake_analysis_chart_data responded 404 in 0.3264 ms
2026-09-13 17:25:50.319 +07:00 [INF] Request finished HTTP/1.1 GET http://localhost:5000/api/fake_analysis_chart_data - 404 0 null 7.0999ms
2026-09-13 17:25:50.324 +07:00 [INF] Request reached the end of the middleware pipeline without being handled by application code. Request path: GET http://localhost:5000/api/fake_analysis_chart_data, Response status code: 404
2026-09-13 18:14:51.407 +07:00 [INF] Request starting HTTP/1.1 GET http://localhost:5000/api/currentUser - null null
2026-09-13 18:14:51.412 +07:00 [INF] Executing endpoint 'CloudSafe.Api.Controllers.UserController.GetCurrentUser (CloudSafe.Api)'
2026-09-13 18:14:51.414 +07:00 [INF] Route matched with {action = "GetCurrentUser", controller = "User"}. Executing controller action with signature System.Threading.Tasks.Task`1[Microsoft.AspNetCore.Mvc.IActionResult] GetCurrentUser() on controller CloudSafe.Api.Controllers.UserController (CloudSafe.Api).
2026-09-13 18:14:51.630 +07:00 [INF] Executed DbCommand (5ms) [Parameters=[@__CurrentUserId_0='?' (DbType = Guid)], CommandType='"Text"', CommandTimeout='30']
SELECT u."Id", u."Address", u."Avatar", u."CreatedAt", u."Email", u."Group", u."Name", u."PasswordHash", u."Phone", u."Role", u."Signature", u."Title", u."UpdatedAt", u."Username"
FROM "Users" AS u
WHERE u."Id" = @__CurrentUserId_0
LIMIT 1
2026-09-13 18:14:51.639 +07:00 [INF] Executed DbCommand (5ms) [Parameters=[@__CurrentUserId_0='?' (DbType = Guid)], CommandType='"Text"', CommandTimeout='30']
SELECT count(*)::int
FROM "Notices" AS n
WHERE n."UserId" = @__CurrentUserId_0 AND n."Status" = 0
2026-09-13 18:14:51.643 +07:00 [INF] Executing OkObjectResult, writing value of type '<>f__AnonymousType7`1[[CloudSafe.Api.DTOs.CurrentUserDto, CloudSafe.Api, Version=1.0.0.0, Culture=neutral, PublicKeyToken=null]]'.
2026-09-13 18:14:51.647 +07:00 [INF] Executed action CloudSafe.Api.Controllers.UserController.GetCurrentUser (CloudSafe.Api) in 229.8115ms
2026-09-13 18:14:51.649 +07:00 [INF] Executed endpoint 'CloudSafe.Api.Controllers.UserController.GetCurrentUser (CloudSafe.Api)'
2026-09-13 18:14:51.650 +07:00 [INF] HTTP GET /api/currentUser responded 200 in 239.0654 ms
2026-09-13 18:14:51.653 +07:00 [INF] Request finished HTTP/1.1 GET http://localhost:5000/api/currentUser - 200 null application/json; charset=utf-8 245.2698ms
2026-09-13 18:14:52.696 +07:00 [INF] Request starting HTTP/1.1 GET http://localhost:5000/api/fake_analysis_chart_data - null null
2026-09-13 18:14:52.700 +07:00 [INF] HTTP GET /api/fake_analysis_chart_data responded 404 in 0.3218 ms
2026-09-13 18:14:52.702 +07:00 [INF] Request finished HTTP/1.1 GET http://localhost:5000/api/fake_analysis_chart_data - 404 0 null 6.0689ms
2026-09-13 18:14:52.706 +07:00 [INF] Request reached the end of the middleware pipeline without being handled by application code. Request path: GET http://localhost:5000/api/fake_analysis_chart_data, Response status code: 404
2026-09-13 19:09:28.527 +07:00 [INF] Request starting HTTP/1.1 GET http://localhost:5000/api/currentUser - null null
2026-09-13 19:09:28.536 +07:00 [INF] Executing endpoint 'CloudSafe.Api.Controllers.UserController.GetCurrentUser (CloudSafe.Api)'
2026-09-13 19:09:28.562 +07:00 [INF] Route matched with {action = "GetCurrentUser", controller = "User"}. Executing controller action with signature System.Threading.Tasks.Task`1[Microsoft.AspNetCore.Mvc.IActionResult] GetCurrentUser() on controller CloudSafe.Api.Controllers.UserController (CloudSafe.Api).
2026-09-13 19:09:28.676 +07:00 [INF] Executed DbCommand (7ms) [Parameters=[@__CurrentUserId_0='?' (DbType = Guid)], CommandType='"Text"', CommandTimeout='30']
SELECT u."Id", u."Address", u."Avatar", u."CreatedAt", u."Email", u."Group", u."Name", u."PasswordHash", u."Phone", u."Role", u."Signature", u."Title", u."UpdatedAt", u."Username"
FROM "Users" AS u
WHERE u."Id" = @__CurrentUserId_0
LIMIT 1
2026-09-13 19:09:28.685 +07:00 [INF] Executed DbCommand (5ms) [Parameters=[@__CurrentUserId_0='?' (DbType = Guid)], CommandType='"Text"', CommandTimeout='30']
SELECT count(*)::int
FROM "Notices" AS n
WHERE n."UserId" = @__CurrentUserId_0 AND n."Status" = 0
2026-09-13 19:09:28.687 +07:00 [INF] Executing OkObjectResult, writing value of type '<>f__AnonymousType7`1[[CloudSafe.Api.DTOs.CurrentUserDto, CloudSafe.Api, Version=1.0.0.0, Culture=neutral, PublicKeyToken=null]]'.
2026-09-13 19:09:28.689 +07:00 [INF] Executed action CloudSafe.Api.Controllers.UserController.GetCurrentUser (CloudSafe.Api) in 125.0617ms
2026-09-13 19:09:28.691 +07:00 [INF] Executed endpoint 'CloudSafe.Api.Controllers.UserController.GetCurrentUser (CloudSafe.Api)'
2026-09-13 19:09:28.693 +07:00 [INF] HTTP GET /api/currentUser responded 200 in 159.3316 ms
2026-09-13 19:09:28.696 +07:00 [INF] Request finished HTTP/1.1 GET http://localhost:5000/api/currentUser - 200 null application/json; charset=utf-8 169.539ms
2026-09-13 19:09:29.912 +07:00 [INF] Request starting HTTP/1.1 GET http://localhost:5000/api/fake_analysis_chart_data - null null
2026-09-13 19:09:29.916 +07:00 [INF] HTTP GET /api/fake_analysis_chart_data responded 404 in 0.2008 ms
2026-09-13 19:09:29.919 +07:00 [INF] Request finished HTTP/1.1 GET http://localhost:5000/api/fake_analysis_chart_data - 404 0 null 6.4355ms
2026-09-13 19:09:29.923 +07:00 [INF] Request reached the end of the middleware pipeline without being handled by application code. Request path: GET http://localhost:5000/api/fake_analysis_chart_data, Response status code: 404
2026-09-13 20:27:52.891 +07:00 [INF] Executed DbCommand (95ms) [Parameters=[], CommandType='"Text"', CommandTimeout='30']
SELECT "MigrationId", "ProductVersion"
FROM "__EFMigrationsHistory"
ORDER BY "MigrationId";
2026-09-13 20:27:53.483 +07:00 [INF] Executed DbCommand (33ms) [Parameters=[], CommandType='"Text"', CommandTimeout='30']
CREATE TABLE IF NOT EXISTS "__EFMigrationsHistory" (
    "MigrationId" character varying(150) NOT NULL,
    "ProductVersion" character varying(32) NOT NULL,
    CONSTRAINT "PK___EFMigrationsHistory" PRIMARY KEY ("MigrationId")
);
2026-09-13 20:27:53.502 +07:00 [INF] Acquiring an exclusive lock for migration application. See https://aka.ms/efcore-docs-migrations-lock for more information if this takes too long.
2026-09-13 20:27:53.506 +07:00 [INF] Executed DbCommand (2ms) [Parameters=[], CommandType='"Text"', CommandTimeout='30']
LOCK TABLE "__EFMigrationsHistory" IN ACCESS EXCLUSIVE MODE
2026-09-13 20:27:53.513 +07:00 [INF] Executed DbCommand (1ms) [Parameters=[], CommandType='"Text"', CommandTimeout='30']
SELECT "MigrationId", "ProductVersion"
FROM "__EFMigrationsHistory"
ORDER BY "MigrationId";
2026-09-13 20:27:53.522 +07:00 [INF] No migrations were applied. The database is already up to date.
2026-09-13 20:27:53.535 +07:00 [INF] Database migration applied
2026-09-13 20:27:53.782 +07:00 [INF] Executed DbCommand (1ms) [Parameters=[], CommandType='"Text"', CommandTimeout='30']
SELECT "MigrationId", "ProductVersion"
FROM "__EFMigrationsHistory"
ORDER BY "MigrationId";
2026-09-13 20:27:53.912 +07:00 [INF] Executed DbCommand (1ms) [Parameters=[], CommandType='"Text"', CommandTimeout='30']
CREATE TABLE IF NOT EXISTS "__EFMigrationsHistory" (
    "MigrationId" character varying(150) NOT NULL,
    "ProductVersion" character varying(32) NOT NULL,
    CONSTRAINT "PK___EFMigrationsHistory" PRIMARY KEY ("MigrationId")
);
2026-09-13 20:27:53.916 +07:00 [INF] Acquiring an exclusive lock for migration application. See https://aka.ms/efcore-docs-migrations-lock for more information if this takes too long.
2026-09-13 20:27:53.918 +07:00 [INF] Executed DbCommand (0ms) [Parameters=[], CommandType='"Text"', CommandTimeout='30']
LOCK TABLE "__EFMigrationsHistory" IN ACCESS EXCLUSIVE MODE
2026-09-13 20:27:53.922 +07:00 [INF] Executed DbCommand (1ms) [Parameters=[], CommandType='"Text"', CommandTimeout='30']
SELECT "MigrationId", "ProductVersion"
FROM "__EFMigrationsHistory"
ORDER BY "MigrationId";
2026-09-13 20:27:53.925 +07:00 [INF] No migrations were applied. The database is already up to date.
2026-09-13 20:27:54.305 +07:00 [INF] Executed DbCommand (18ms) [Parameters=[], CommandType='"Text"', CommandTimeout='30']
SELECT EXISTS (
    SELECT 1
    FROM "Users" AS u)
2026-09-13 20:27:54.355 +07:00 [INF] User profile is available. Using 'C:\Users\TUNG\AppData\Local\ASP.NET\DataProtection-Keys' as key repository and Windows DPAPI to encrypt keys at rest.
2026-09-13 20:27:54.705 +07:00 [INF] Now listening on: http://localhost:5000
2026-09-13 20:27:54.708 +07:00 [INF] Application started. Press Ctrl+C to shut down.
2026-09-13 20:27:54.710 +07:00 [INF] Hosting environment: Production
2026-09-13 20:27:54.712 +07:00 [INF] Content root path: C:\Users\TUNG\Downloads\cloudsafe-full\CloudSafe.Api
